Facilities,Clients,LP,MFN,OPT,LS,CFL-LP/OPT,Local Search/OPT,MFN-LP/OPT
5,10,4583.888888888889,6809.0,6809.0,6809.0,0.6732102935657055,1.0,1.0
5,10,4434.555555555555,4599.0,4599.0,4599.0,0.964243434563069,1.0,1.0
5,10,2760.0,2760.0,2760.0,2760.0,1.0,1.0,1.0
5,10,3691.0,3691.0,3691.0,3691.0,1.0,1.0,1.0
5,10,4674.0,4674.0,4674.0,4674.0,1.0,1.0,1.0
5,10,2876.0,2876.0,2876.0,2876.0,1.0,1.0,1.0
5,10,2006.9999999999998,4961.0,5389.0,5389.0,0.3724253108183336,1.0,0.9205789571349045
5,10,5764.777777777777,6834.0,6834.0,6834.0,0.843543719311937,1.0,1.0
5,10,17590.0,17590.0,17590.0,17590.0,1.0,1.0,1.0
5,10,18481.0,18481.0,18481.0,18481.0,1.0,1.0,1.0
5,10,6559.0,6559.0,6559.0,6559.0,1.0,1.0,1.0
5,10,3151.222222222222,3653.0,3653.0,3653.0,0.8626395352374,1.0,1.0
5,10,2266.8888888888887,2873.9999999999995,3091.0,3091.0,0.7333836586505625,1.0,0.9297961824652214
5,10,2459.0,2459.0,2459.0,2459.0,1.0,1.0,1.0
5,10,18302.555555555555,18489.0,18489.0,18489.0,0.9899159259860216,1.0,1.0
5,10,3400.6666666666665,5492.0,5492.0,5492.0,0.6192036902160718,1.0,1.0
5,10,10334.444444444443,12530.0,12530.0,12530.0,0.8247760929325174,1.0,1.0
5,10,5074.444444444444,5305.071895424836,8420.0,8420.0,0.6026656109791502,1.0,0.6300560445872727
5,10,2296.6666666666665,4944.28,5431.0,5431.0,0.4228809918369852,1.0,0.9103811452771128
5,10,3074.777777777778,3551.0,3551.0,3551.0,0.8658906724240433,1.0,1.0
5,10,17642.0,17642.0,17642.0,17642.0,1.0,1.0,1.0
5,10,1925.0,3112.424836601307,3597.0,3597.0,0.5351681957186545,1.0,0.8652835242149867
5,10,2226.222222222222,5176.35294117647,5520.0,5520.0,0.40330112721417066,1.0,0.9377450980392156
5,10,9594.444444444445,9667.0,9667.0,9667.0,0.9924945116835052,1.0,1.0
5,10,1736.111111111111,1736.111111111111,2451.0,2451.0,0.7083276667119996,1.0,0.7083276667119996
5,10,1932.5555555555557,3407.0,3407.0,3407.0,0.567230864559893,1.0,1.0
5,10,2679.222222222222,2791.0,2791.0,2791.0,0.9599506349775071,1.0,1.0
5,10,2397.0,2397.0,2397.0,2397.0,1.0,1.0,1.0
5,10,4455.666666666666,4625.0,4625.0,4625.0,0.9633873873873873,1.0,1.0
5,10,10364.0,10364.0,10364.0,10364.0,1.0,1.0,1.0
5,10,2777.0,3323.326797385621,4415.0,4415.0,0.6289920724801812,1.0,0.7527354014463468
5,10,16882.333333333332,16882.333333333332,17686.0,17686.0,0.9545591616721323,1.0,0.9545591616721323
5,10,2897.5555555555557,3392.0,3392.0,3392.0,0.8542321802935011,1.0,1.0
5,10,3159.8888888888887,4683.0,4683.0,4683.0,0.6747573967304908,1.0,1.0
5,10,5543.0,5543.0,5543.0,5543.0,1.0,1.0,1.0
5,10,1911.6666666666665,5339.0,5339.0,5339.0,0.3580570643691078,1.0,1.0
5,10,5657.555555555556,6734.0,6734.0,6734.0,0.8401478401478402,1.0,1.0
5,10,1704.7777777777776,2441.0,2441.0,2441.0,0.6983931904046611,1.0,1.0
5,10,18676.0,18676.0,18676.0,18676.0,1.0,1.0,1.0
5,10,3492.5555555555557,3649.0,3649.0,3649.0,0.9571267622788587,1.0,1.0
5,10,1875.8888888888887,3056.424836601307,3423.0,3423.0,0.5480247995585418,1.0,0.8929082198659968
5,10,6444.555555555555,6591.0,6591.0,6591.0,0.9777811493787824,1.0,1.0
5,10,3034.4444444444443,5613.058823529412,6397.0,6397.0,0.4743542980216421,1.0,0.8774517466827281
5,10,1740.2222222222222,3126.823529411765,3402.0,3402.0,0.5115291658501535,1.0,0.9191133243420826
5,10,3541.111111111111,3551.0,3551.0,3551.0,0.9972151819518758,1.0,1.0
5,10,1660.0,2077.6470588235293,2426.0,2426.0,0.6842539159109645,1.0,0.8564085155909025
5,10,2015.7777777777776,5070.529411764705,5416.0,5416.0,0.37218939766945675,1.0,0.9362129637674862
5,10,9540.333333333334,10054.64705882353,10553.0,10553.0,0.9040399254556367,1.0,0.9527761829644206
5,10,1520.2222222222222,1870.831111111111,2349.0,2349.0,0.6471784683789792,1.0,0.796437254623717
5,10,1723.1111111111109,2456.0,2456.0,2456.0,0.701592471950778,1.0,1.0
5,10,3585.0,3585.0,3585.0,3585.0,1.0,1.0,1.0
5,10,2503.2222222222217,2605.0,2605.0,2605.0,0.9609298357858816,1.0,1.0
5,10,17652.0,17652.0,17652.0,17652.0,1.0,1.0,1.0
5,10,2648.333333333333,3086.882352941176,3364.0,3364.0,0.7872572334522393,1.0,0.9176225781632509
5,10,4319.444444444444,4461.0,4461.0,4461.0,0.9682682009514558,1.0,1.0
5,10,2419.8888888888887,3494.0,3494.0,3494.0,0.692584112446734,1.0,1.0
5,10,5315.0,5315.0,8726.0,8726.0,0.6090992436396975,1.0,0.6090992436396975
5,10,5438.888888888889,5519.0,5519.0,5519.0,0.9854844879305832,1.0,1.0
5,10,2809.777777777778,2986.1111111111113,4469.0,4469.0,0.6287262872628726,1.0,0.6681832873374606
5,10,5613.555555555556,9699.454545454544,12398.0,12398.0,0.4527791220806223,1.0,0.7823402601592632
5,10,1793.5555555555557,2162.0392156862745,2548.0,2548.0,0.703907203907204,1.0,0.8485240249946132
5,10,4178.888888888889,5246.0,5246.0,5246.0,0.7965857584614733,1.0,1.0
5,10,3458.111111111111,4543.0,4543.0,4543.0,0.7611954900090493,1.0,1.0
5,10,2185.777777777778,3328.4705882352937,3624.0,3624.0,0.6031395634044641,1.0,0.918452149071549
5,10,3123.777777777778,4609.0,4609.0,4609.0,0.6777560810973698,1.0,1.0
5,10,5027.0,5255.0522875817,8477.0,8477.0,0.5930163973103693,1.0,0.6199188731369234
5,10,2895.7777777777774,3264.5620915032678,4580.0,4580.0,0.6322658903444929,1.0,0.7127864828609755
5,10,9600.0,9600.0,9600.0,9600.0,1.0,1.0,1.0
5,10,5336.555555555556,5591.823529411764,5806.0,5806.0,0.9191449458414667,1.0,0.9631111831573828
5,10,1830.111111111111,2699.0,2699.0,2699.0,0.6780700671030423,1.0,1.0
5,10,2831.4444444444443,3905.0,3905.0,3905.0,0.7250818039550434,1.0,1.0
5,10,2436.0,2436.0,2436.0,2436.0,1.0,1.0,1.0
5,10,1984.5555555555554,3148.673202614379,3515.0,3515.0,0.5645961751224908,1.0,0.8957818499614165
5,10,3584.0,3584.0,3584.0,3584.0,1.0,1.0,1.0
5,10,18604.0,18604.0,18604.0,18604.0,1.0,1.0,1.0
5,10,2343.888888888889,3874.0,3874.0,3874.0,0.6050306889233065,1.0,1.0
5,10,3498.0,3498.0,3498.0,3498.0,1.0,1.0,1.0
5,10,2811.3333333333335,3602.705882352941,4508.0,4508.0,0.6236320615202603,1.0,0.7991805417819301
5,10,2003.5555555555557,3547.0,3547.0,3547.0,0.5648591924317891,1.0,1.0
5,10,2464.0,2464.0,2464.0,2464.0,1.0,1.0,1.0
5,10,4198.0,4360.0,4360.0,4360.0,0.9628440366972477,1.0,1.0
5,10,2176.0,3742.0,3742.0,3742.0,0.581507215392838,1.0,1.0
5,10,3694.0,3694.0,3694.0,3694.0,1.0,1.0,1.0
5,10,4014.0,4014.0,4014.0,4014.0,1.0,1.0,1.0
5,10,5381.0,5381.0,5381.0,5381.0,1.0,1.0,1.0
5,10,10634.555555555555,12806.0,12806.0,12806.0,0.830435386190501,1.0,1.0
5,10,3052.333333333333,3805.3267973856205,4812.0,4812.0,0.6343169853144914,1.0,0.7907994175780592
5,10,4188.666666666666,4351.0,4351.0,4351.0,0.9626905692178042,1.0,1.0
5,10,6372.666666666666,6515.0,6515.0,6515.0,0.9781529803018674,1.0,1.0
5,10,2102.777777777778,2725.0,2888.0,2888.0,0.72810864881502,1.0,0.9435595567867036
5,10,1684.5555555555557,3287.0,3287.0,3287.0,0.5124902815806376,1.0,1.0
5,10,5804.444444444444,6891.0,6891.0,6891.0,0.8423225140682694,1.0,1.0
5,10,1939.3333333333333,2731.3504273504273,3476.0,3476.0,0.5579209819716149,1.0,0.7857740009638744
5,10,1927.6666666666665,3049.0,3349.0,3349.0,0.5755947048870309,1.0,0.9104210212003583
5,10,3089.0,3577.0,3577.0,3577.0,0.8635728263908303,1.0,1.0
5,10,3782.0,3782.0,3782.0,3782.0,1.0,1.0,1.0
5,10,2081.0,5423.0,5423.0,5423.0,0.38373593951687257,1.0,1.0
5,10,3503.0,3503.0,3503.0,3503.0,1.0,1.0,1.0
5,10,2455.4444444444443,2518.0,2518.0,2518.0,0.9751566498985085,1.0,1.0
5,10,3526.0,3526.0,3526.0,3526.0,1.0,1.0,1.0
5,25,6570.583333333334,7820.0,7820.0,7820.0,0.8402280477408356,1.0,1.0
5,25,2786.636363636364,4012.0,4012.0,4012.0,0.6945753648146471,1.0,1.0
5,25,2995.25,4208.0,4208.0,4208.0,0.7117989543726235,1.0,1.0
5,25,2404.0,5617.052173913043,6076.0,6076.0,0.3956550362080316,1.0,0.9244654664109682
5,25,5881.666666666667,6758.680851063829,7672.0,7672.0,0.7666405978449774,1.0,0.880954229804983
5,25,5991.166666666667,6238.0,6238.0,6238.0,0.9604306935983756,1.0,1.0
5,25,4766.916666666667,5330.0,5330.0,5330.0,0.8943558474046279,1.0,1.0
5,25,3704.7500000000005,18051.0,18426.0,18426.0,0.20106100075979597,1.0,0.979648323021817
5,25,10173.0,10433.0,10433.0,10433.0,0.9750790760088182,1.0,1.0
5,25,9732.0,10736.170212765957,11312.0,11312.0,0.8603253182461104,1.0,0.9490956694453639
5,25,4488.750000000001,7774.0,7774.0,7774.0,0.577405454077695,1.0,1.0
5,25,3781.666666666667,4517.0,4517.0,4517.0,0.8372075861560033,1.0,1.0
5,25,2688.1666666666665,3423.7872340425533,3560.0,3560.0,0.7551029962546816,1.0,0.9617379870906049
5,25,2461.4166666666665,3216.0,3216.0,3216.0,0.76536587893864,1.0,1.0
5,25,2567.25,5822.173913043479,5867.0,5867.0,0.43757456962672575,1.0,0.9923596238356024
5,25,17824.833333333336,19708.95744680851,21119.0,21119.0,0.8440188140221286,1.0,0.9332334602399975
5,25,6175.083333333333,7479.0,7479.0,7479.0,0.82565628203414,1.0,1.0
5,25,10449.75,10663.0,10663.0,10663.0,0.9800009378223764,1.0,1.0
5,25,2397.083333333333,3153.0,3153.0,3153.0,0.7602547838037846,1.0,1.0
5,25,3475.5833333333335,5257.0,5257.0,5257.0,0.6611343605351595,1.0,1.0
5,25,10331.0,10331.0,10331.0,10331.0,1.0,1.0,1.0
5,25,2482.9166666666665,4046.0,4046.0,4046.0,0.6136719393639809,1.0,1.0
5,25,2851.5,5307.7836879432625,6010.0,6010.0,0.47445923460898504,1.0,0.8831586835180137
5,25,5617.583333333332,6153.0,6153.0,6153.0,0.9129828268053523,1.0,1.0
5,25,10247.0,10247.0,10247.0,10247.0,1.0,1.0,1.0
5,25,2485.0,3908.489361702128,4172.0,4172.0,0.5956375838926175,1.0,0.9368382937924564
5,25,4035.0,5669.404255319149,5769.0,5769.0,0.6994279771190848,1.0,0.9827360470305337
5,25,10281.083333333332,10512.0,10512.0,10512.0,0.978033041603247,1.0,1.0
5,25,5792.500000000001,6230.021276595745,6579.0,6579.0,0.8804529563763491,1.0,0.946955658397286
5,25,2733.1739130434776,4289.0,4289.0,4289.0,0.6372520198282764,1.0,1.0
5,25,2754.5833333333335,3533.0,3533.0,3533.0,0.7796726106236438,1.0,1.0
5,25,2574.6666666666665,3913.0,4164.0,4164.0,0.6183157220621197,1.0,0.9397214217098944
5,25,7114.333333333334,7414.0,7414.0,7414.0,0.9595809729340887,1.0,1.0
5,25,3044.0,3044.0,3044.0,3044.0,1.0,1.0,1.0
5,25,19174.0,19174.0,19174.0,19174.0,1.0,1.0,1.0
5,25,9922.5,10199.0,10199.0,10199.0,0.9728894989704873,1.0,1.0
5,25,2952.5833333333335,4746.0,4746.0,4746.0,0.6221203820761343,1.0,1.0
5,25,2862.3333333333335,3445.0,3445.0,3445.0,0.8308659893565554,1.0,1.0
5,25,6151.0,6151.0,6151.0,6152.0,1.0,1.000162575191026,1.0
5,25,4370.666666666666,4627.0,4627.0,4627.0,0.9446005331028022,1.0,1.0
5,25,2740.1666666666665,6316.0,6316.0,6316.0,0.43384526071353174,1.0,1.0
5,25,9541.25,13261.0,17016.0,17016.0,0.5607222614010343,1.0,0.7793253408556653
5,25,3391.9999999999995,3644.0,3644.0,3644.0,0.9308452250274423,1.0,1.0
5,25,3036.6666666666665,6238.0,6238.0,6238.0,0.4868013252110719,1.0,1.0
5,25,4151.583333333334,7711.0,7711.0,7711.0,0.5383975273418926,1.0,1.0
5,25,2491.4166666666665,5851.939393939393,6080.0,6080.0,0.4097724780701754,1.0,0.9624900318979265
5,25,2696.416666666667,3512.0,3512.0,3512.0,0.7677723993925589,1.0,1.0
5,25,4203.0,4203.0,4203.0,4203.0,1.0,1.0,1.0
5,25,10341.916666666666,10578.0,10578.0,10578.0,0.9776816663515472,1.0,1.0
5,25,2445.333333333334,3198.879999999999,3327.0,3327.0,0.7349964933373412,1.0,0.9614908325819054
5,25,5850.0,5850.0,5850.0,5850.0,1.0,1.0,1.0
5,25,3017.6666666666665,3930.5,4209.0,4209.0,0.7169557297853805,1.0,0.9338322641957709
5,25,2234.5,3030.0,3030.0,3030.0,0.7374587458745875,1.0,1.0
5,25,2983.666666666667,6554.0,6554.0,6554.0,0.4552436171294884,1.0,1.0
5,25,2777.333333333334,4372.0,4372.0,4372.0,0.6352546508081733,1.0,1.0
5,25,2853.166666666667,3589.0851063829787,3755.0,3755.0,0.7598313359964493,1.0,0.9558149417797547
5,25,4249.416666666666,10914.893617021276,11205.0,11205.0,0.37924289751598983,1.0,0.9741092027685209
5,25,10353.083333333334,11620.0,11620.0,11620.0,0.890971026965003,1.0,1.0
5,25,2833.5000000000005,3581.0,3581.0,3581.0,0.7912594247416924,1.0,1.0
5,25,10118.333333333334,10661.255319148937,10729.0,10729.0,0.9430826109920155,1.0,0.9936858345744186
5,25,3387.173913043479,3605.6597222222217,4228.0,4228.0,0.8011291185060262,1.0,0.8528050430989171
5,25,2476.333333333333,3708.0,4068.0,4068.0,0.608734841035726,1.0,0.911504424778761
5,25,10303.333333333334,10538.824468085106,10951.0,10951.0,0.9408577603263021,1.0,0.9623618361871159
5,25,3107.1666666666665,4863.0,4863.0,4863.0,0.6389402974844061,1.0,1.0
5,25,5391.0,5902.177083333333,9021.0,9021.0,0.5976055869637512,1.0,0.6542708217862025
5,25,3292.5833333333326,3505.0,3505.0,3505.0,0.9393961008083688,1.0,1.0
5,25,2788.833333333333,4391.0,4391.0,4391.0,0.6351248766416153,1.0,1.0
5,25,13304.0,13304.0,13304.0,13304.0,1.0,1.0,1.0
5,25,6266.166666666667,6590.27304964539,9693.0,9693.0,0.6464630833247361,1.0,0.6799002424064159
5,25,4185.083333333334,11469.0,11469.0,11469.0,0.3649039439648909,1.0,1.0
5,25,3546.3333333333335,3743.0,3743.0,3743.0,0.9474574761777541,1.0,1.0
5,25,4255.25,5819.0,5819.0,5819.0,0.7312682591510569,1.0,1.0
5,25,3712.0,3712.0,3712.0,3712.0,1.0,1.0,1.0
5,25,2497.4166666666674,4153.885714285714,4184.0,4184.0,0.5968969088591461,1.0,0.9928025129745971
5,25,18301.0,18301.0,18301.0,18301.0,1.0,1.0,1.0
5,25,6541.0,6541.0,6541.0,6541.0,1.0,1.0,1.0
5,25,6156.0,7451.0,7451.0,7451.0,0.8261978257951953,1.0,1.0
5,25,2434.9166666666665,4195.0,4195.0,4195.0,0.5804330552244735,1.0,1.0
5,25,2648.4999999999995,4440.0,4440.0,4440.0,0.5965090090090089,1.0,1.0
5,25,3921.0,5549.446808510638,5702.0,5702.0,0.6876534549280954,1.0,0.9732456696791719
5,25,4414.0,4414.0,4414.0,4414.0,1.0,1.0,1.0
5,25,10131.083333333334,11347.0,11347.0,11347.0,0.8928424546869952,1.0,1.0
5,25,2630.4166666666665,2630.4166666666665,3089.0,3089.0,0.8515431099600733,1.0,0.8515431099600733
5,25,6341.666666666666,7610.0,7610.0,7610.0,0.8333333333333333,1.0,1.0
5,25,2559.0476190476193,3881.0,3958.0,3958.0,0.6465506869751438,1.0,0.9805457301667508
5,25,5992.916666666667,6254.0,6254.0,6254.0,0.9582533845005864,1.0,1.0
5,25,3287.0833333333335,3842.0,3842.0,3842.0,0.855565677598473,1.0,1.0
5,25,2650.5,3414.0,3414.0,3414.0,0.7763620386643234,1.0,1.0
5,25,2977.333333333333,3598.0277777777774,4188.0,4188.0,0.7109200891435847,1.0,0.8591279316565849
5,25,2812.0833333333335,4210.391304347827,4274.0,4274.0,0.6579511776633911,1.0,0.9851172916115646
5,25,4388.833333333333,4646.0,4646.0,4646.0,0.9446477256421294,1.0,1.0
5,25,2470.5714285714294,3023.0,3023.0,3023.0,0.8172581636028545,1.0,1.0
5,25,2717.0833333333335,5761.0,6051.0,6051.0,0.4490304632843056,1.0,0.9520740373491985
5,25,5576.916666666666,7174.0,7174.0,7174.0,0.7773789610630981,1.0,1.0
5,25,3467.0,3467.0,3467.0,3467.0,1.0,1.0,1.0
5,25,2652.8333333333326,4441.0,4441.0,4441.0,0.5973504465961118,1.0,1.0
5,25,2376.7777777777774,2934.630314232902,3058.0,3058.0,0.7772327592471476,1.0,0.9596567410833557
5,25,4358.583333333333,4651.0,4651.0,4657.0,0.937128216154232,1.0012900451515803,1.0
5,25,9705.416666666666,10109.91489361702,10314.0,10314.0,0.9409944412125912,1.0,0.9802128072151465
5,25,3521.4166666666665,7126.0,7126.0,7126.0,0.4941645616989428,1.0,1.0
5,50,5877.510204081633,9427.0,9427.0,9427.0,0.6234762070734733,1.0,1.0
5,50,4693.469387755102,6133.024390243903,6438.0,6438.0,0.7290259999619605,1.0,0.9526288273134363
5,50,11227.897959183672,11896.484536082473,11981.0,11981.0,0.9371419713866682,1.0,0.9929458756433079
5,50,10398.0,10398.0,10398.0,10398.0,1.0,1.0,1.0
5,50,5105.545454545454,5813.612244897959,5971.0,5971.0,0.855057018011297,1.0,0.9736413071341414
5,50,5041.0,5041.0,5041.0,5041.0,1.0,1.0,1.0
5,50,4761.979591836735,5509.0,5509.0,5509.0,0.8643999985181948,1.0,1.0
5,50,3837.795918367345,5489.0,5489.0,5489.0,0.6991794349366633,1.0,1.0
5,50,4123.461538461537,4336.0,4336.0,4336.0,0.9509828271359634,1.0,1.0
5,50,4458.591836734694,8155.577319587626,8238.0,8238.0,0.5412226070326164,1.0,0.9899948190807996
5,50,6032.0,6032.0,6032.0,6032.0,1.0,1.0,1.0
5,50,4466.95918367347,5224.0,5224.0,5224.0,0.8550840703815984,1.0,1.0
5,50,19662.65306122449,19662.65306122449,21256.0,21256.0,0.9250401327260298,1.0,0.9250401327260298
5,50,11256.16326530612,11939.443298969072,12008.0,12008.0,0.9373886796557396,1.0,0.9942907477489235
5,50,4284.551020408165,4442.3467336683425,4825.0,4825.0,0.8879898487892569,1.0,0.9206936235582057
5,50,4853.244897959183,5711.0,5711.0,5711.0,0.8498064958779868,1.0,1.0
5,50,8259.30612244898,9036.0,9036.0,9036.0,0.9140445022630566,1.0,1.0
5,50,5431.44827586207,6426.0,6426.0,6426.0,0.8452300460414052,1.0,1.0
5,50,4279.795918367347,5063.0,5063.0,5063.0,0.8453082991047497,1.0,1.0
5,50,4836.183673469388,7371.0,7885.0,7885.0,0.6133397176245261,1.0,0.9348129359543437
5,50,4523.714285714286,7658.488888888891,7892.0,7892.0,0.5732025197306495,1.0,0.9704116686377205
5,50,6544.882352941177,7588.721649484537,8168.0,8168.0,0.8012833438958346,1.0,0.9290795359310158
5,50,4960.836734693878,5781.0,5781.0,5781.0,0.858127786662148,1.0,1.0
5,50,4972.836734693877,5808.0,5808.0,5808.0,0.856204671951425,1.0,1.0
5,50,4783.11111111111,5439.494845360824,5675.0,5675.0,0.8428389623103278,1.0,0.958501294336709
5,50,4519.73469387755,5126.0,5126.0,5126.0,0.8817274080916017,1.0,1.0
5,50,4005.4782608695664,4836.0,4836.0,4836.0,0.8282626676736076,1.0,1.0
5,50,3689.5306122448974,4330.0,4330.0,4330.0,0.8520855917424706,1.0,1.0
5,50,7426.653061224491,9039.0,9039.0,9039.0,0.8216233058108741,1.0,1.0
5,50,6840.0,6840.0,6840.0,6840.0,1.0,1.0,1.0
5,50,11242.0,11242.0,11242.0,11242.0,1.0,1.0,1.0
5,50,4763.448979591836,5377.164948453607,5659.0,5659.0,0.8417474782809394,1.0,0.950197022168865
5,50,5044.020408163262,5903.0,5903.0,5903.0,0.8544842297413623,1.0,1.0
5,50,4249.55,4544.248229904206,5147.0,5147.0,0.8256362929862056,1.0,0.8828926034397135
5,50,7168.102040816326,8948.0,8948.0,8948.0,0.8010842692016457,1.0,1.0
5,50,4816.183673469387,6686.0,6686.0,6686.0,0.7203385691698155,1.0,1.0
5,50,6005.755102040817,6803.0,6803.0,6803.0,0.8828098047980034,1.0,1.0
5,50,6897.0,6897.0,6897.0,6897.0,1.0,1.0,1.0
5,50,5965.0,5965.0,5965.0,5965.0,1.0,1.0,1.0
5,50,3997.043478260871,4835.0,4835.0,4835.0,0.826689447416933,1.0,1.0
5,50,4807.181818181818,6627.0,6627.0,6627.0,0.725393363238542,1.0,1.0
5,50,3875.5918367346935,4584.0,4584.0,4584.0,0.8454606973679524,1.0,1.0
5,50,5598.04761904762,6435.0,6435.0,6435.0,0.8699374699374701,1.0,1.0
5,50,11481.142857142857,13058.0,13058.0,13058.0,0.8792420628842745,1.0,1.0
5,50,4691.0,4691.0,4691.0,4691.0,1.0,1.0,1.0
5,50,4653.020408163266,4653.020408163266,6105.0,6105.0,0.762165505022648,1.0,0.762165505022648
5,50,4231.632653061224,5075.0,5075.0,5075.0,0.8338192419825072,1.0,1.0
5,50,3682.714285714286,5307.0,5307.0,5307.0,0.693935233788258,1.0,1.0
5,50,4282.6875,4793.0,4793.0,4793.0,0.8935296265387023,1.0,1.0
5,50,4736.448979591836,8012.0,8012.0,8012.0,0.5911693683963849,1.0,1.0
5,50,4510.2040816326535,6386.0,6386.0,6386.0,0.7062643410010419,1.0,1.0
5,50,5707.22448979592,7248.0,7248.0,7248.0,0.7874205973780243,1.0,1.0
5,50,8664.142857142855,10405.0,10405.0,10405.0,0.8326903274524609,1.0,1.0
5,50,9848.0,9848.0,9848.0,9848.0,1.0,1.0,1.0
5,50,6145.0,6145.0,6145.0,6145.0,1.0,1.0,1.0
5,50,20010.0,20010.0,20010.0,20010.0,1.0,1.0,1.0
5,50,5070.244897959185,6697.0,6697.0,6697.0,0.7570919662474519,1.0,1.0
5,50,5844.489795918365,6675.0,6675.0,6675.0,0.8755789956432009,1.0,1.0
5,50,4757.625,5657.0,5657.0,5657.0,0.8410155559483825,1.0,1.0
5,50,12174.265306122448,19509.618556701033,19806.0,19806.0,0.6146756188085655,1.0,0.9850357748511074
5,50,3896.3500000000013,4969.0,5258.0,5258.0,0.741032712057817,1.0,0.9450361354127045
5,50,7320.714285714285,8135.0,8135.0,8135.0,0.8999034155764334,1.0,1.0
5,50,5348.653061224491,6178.0,6178.0,6178.0,0.8657580222117984,1.0,1.0
5,50,3893.30612244898,4603.0,4603.0,4603.0,0.8458192749183099,1.0,1.0
5,50,4689.68,5103.5,5282.0,5282.0,0.887860658841348,1.0,0.9662059825823551
5,50,7807.918367346938,11449.60824742268,11553.0,11553.0,0.6758347067728675,1.0,0.9910506576147045
5,50,10941.448979591838,18533.0,18533.0,18533.0,0.5903765704198909,1.0,1.0
5,50,7007.326530612246,10746.0,10746.0,10746.0,0.6520869654394422,1.0,1.0
5,50,6579.306122448979,12947.711340206188,14104.0,14104.0,0.46648511928878184,1.0,0.918016969668618
5,50,6349.0,6349.0,6349.0,6349.0,1.0,1.0,1.0
5,50,3742.61224489796,4354.0,4354.0,4354.0,0.8595802124248875,1.0,1.0
5,50,20981.0,20981.0,20981.0,20981.0,1.0,1.0,1.0
5,50,4976.755102040816,5749.0,5749.0,5749.0,0.8656731782989766,1.0,1.0
5,50,5361.469387755104,7101.0,7101.0,7101.0,0.7550301912061829,1.0,1.0
5,50,5979.787234042554,8392.0,8392.0,8392.0,0.7125580593473014,1.0,1.0
5,50,4917.75,5163.0,5163.0,5163.0,0.9524985473561882,1.0,1.0
5,50,5452.714285714285,12077.082474226805,12709.0,12709.0,0.4290435349527331,1.0,0.9502779506040447
5,50,4924.2857142857165,5741.0,5741.0,5741.0,0.8577400651952127,1.0,1.0
5,50,13381.0,13381.0,13381.0,13381.0,1.0,1.0,1.0
5,50,4513.652173913045,7052.0,7106.0,7106.0,0.6351888789632768,1.0,0.9924007880664227
5,50,5327.2448979591845,6106.0,6106.0,6106.0,0.8724606776873869,1.0,1.0
5,50,4470.285714285715,6132.0,6132.0,6132.0,0.7290094119839717,1.0,1.0
5,50,4196.591836734693,11756.0,11756.0,11756.0,0.35697446722819776,1.0,1.0
5,50,20440.0,20440.0,20440.0,20440.0,1.0,1.0,1.0
5,50,19098.85714285714,19446.80412371134,19737.0,19737.0,0.9676676872299307,1.0,0.9852968598931621
5,50,4507.265306122449,5380.0,5380.0,5380.0,0.8377816554130947,1.0,1.0
5,50,4327.265306122449,6219.0,6219.0,6219.0,0.69581368485648,1.0,1.0
5,50,4232.105263157895,4979.0,4979.0,4979.0,0.8499910148941344,1.0,1.0
5,50,11277.510204081631,11868.0,11868.0,11868.0,0.9502452143648156,1.0,1.0
5,50,5009.588235294117,5517.0,5517.0,5517.0,0.9080275938542899,1.0,1.0
5,50,4131.34693877551,7896.0,7896.0,7896.0,0.5232202303413767,1.0,1.0
5,50,4144.204081632651,5009.0,5009.0,5009.0,0.8273515834762729,1.0,1.0
5,50,3993.714285714286,5832.0,5832.0,5832.0,0.684793258867333,1.0,1.0
5,50,19964.95918367347,20533.0,20533.0,20533.0,0.9723352254260688,1.0,1.0
5,50,10703.061224489797,11307.175257731957,11443.0,11443.0,0.9353369941876952,1.0,0.9881303205218873
5,50,5729.0,5729.0,5729.0,5729.0,1.0,1.0,1.0
5,50,10738.367346938776,11176.639175257733,11511.0,11511.0,0.9328787548378747,1.0,0.9709529298286624
5,50,3996.30612244898,4287.155127081507,4746.0,4746.0,0.842036688253051,1.0,0.9033196643660992
5,50,4921.755102040817,19332.0,19332.0,19332.0,0.2545910977674745,1.0,1.0
5,50,4780.0,4780.0,4780.0,4780.0,1.0,1.0,1.0
10,25,2547.166666666667,4340.0,4340.0,4342.0,0.5869047619047619,1.0004608294930875,1.0
10,25,2284.25,3132.0,3132.0,3132.0,0.7293263090676884,1.0,1.0
10,25,2839.5,3783.0,4075.0,4075.0,0.6968098159509203,1.0,0.9283435582822086
10,25,2384.0,2520.4629629629635,2907.0,2907.0,0.8200894392844857,1.0,0.8670323230006755
10,25,2368.75,3234.0,3234.0,3234.0,0.732452071737786,1.0,1.0
10,25,2329.333333333333,2596.575,3099.0,3099.0,0.7516403140798106,1.0,0.8378751210067763
10,25,5767.833333333334,5919.03125,6503.0,6503.0,0.8869496129991287,1.0,0.9102000999538674
10,25,9757.75,10317.0,10317.0,10317.0,0.9457933507802656,1.0,1.0
10,25,2281.857142857142,3039.0,3039.0,3039.0,0.7508578949842521,1.0,1.0
10,25,2804.1666666666665,3643.0,3643.0,3643.0,0.7697410559063043,1.0,1.0
10,25,2741.8695652173915,3526.513325608343,3613.0,3613.0,0.7588899986762777,1.0,0.9760623652389546
10,25,3237.1666666666665,4006.0,4006.0,4006.0,0.8080795473456481,1.0,1.0
10,25,2819.0,5663.037333333334,5971.0,5971.0,0.47211522358063973,1.0,0.9484236029699101
10,25,3718.2499999999995,5334.0,5334.0,5334.0,0.697084739407574,1.0,1.0
10,25,3457.916666666667,4259.0,4259.0,4259.0,0.8119081161462003,1.0,1.0
10,25,2716.0833333333335,3497.680327868853,3621.0,3621.0,0.7500920556015834,1.0,0.965943200184715
10,25,2634.2499999999995,3369.0,3369.0,3369.0,0.7819085782131194,1.0,1.0
10,25,3061.4285714285716,3529.0,3529.0,3529.0,0.8675059709347043,1.0,1.0
10,25,2327.083333333333,2525.6234146341462,3049.0,3049.0,0.7632283808899092,1.0,0.8283448391715796
10,25,3525.6666666666665,4249.741784037558,5263.0,5263.0,0.6698967635695737,1.0,0.8074751632220327
10,25,2837.5,3584.3829787234044,3742.0,3742.0,0.7582843399251737,1.0,0.957878936056495
10,25,5677.333333333334,7304.0,7304.0,7304.0,0.7772909821102593,1.0,1.0
10,25,2445.25,2558.475694444445,3339.0,3339.0,0.7323300389338125,1.0,0.7662401001630562
10,25,2622.833333333333,3485.0,3485.0,3485.0,0.7526064084170253,1.0,1.0
10,25,2740.333333333333,3447.2735403091874,4229.0,4229.0,0.6479861275321194,1.0,0.8151509908510729
10,25,3571.833333333333,4309.0,4309.0,4309.0,0.828923957608107,1.0,1.0
10,25,5164.0,5164.0,5164.0,5164.0,1.0,1.0,1.0
10,25,2535.8333333333335,4304.0,4304.0,4304.0,0.5891806071871128,1.0,1.0
10,25,2869.4166666666674,3470.0,3470.0,3470.0,0.8269212295869358,1.0,1.0
10,25,4505.333333333334,4746.0,4746.0,4746.0,0.9492906307065601,1.0,1.0
10,25,2798.583333333333,3612.0,3612.0,3612.0,0.7748015873015872,1.0,1.0
10,25,2819.5555555555557,3045.828014184397,3374.0,3374.0,0.8356714746756241,1.0,0.9027350368062824
10,25,2511.1666666666665,2511.1666666666665,3154.0,3154.0,0.7961847389558232,1.0,0.7961847389558232
10,25,2384.23076923077,2902.5734265734263,3007.0,3007.0,0.792893504898826,1.0,0.9652721737856422
10,25,2426.3333333333335,3272.0,3272.0,3272.0,0.7415444172779136,1.0,1.0
10,25,2667.0,4140.0,4140.0,4140.0,0.6442028985507247,1.0,1.0
10,25,2809.2608695652175,3623.0,3623.0,3623.0,0.7753963206086717,1.0,1.0
10,25,3850.166666666667,4572.0,4572.0,4572.0,0.8421186934966464,1.0,1.0
10,25,2485.583333333334,3613.333333333334,4024.0,4024.0,0.6176896951623593,1.0,0.897945659377071
10,25,3753.916666666667,4554.0,4554.0,4554.0,0.8243119601815254,1.0,1.0
10,25,5860.083333333333,6195.781914893617,6661.0,6661.0,0.879760296251814,1.0,0.9301579214672897
10,25,2706.4782608695655,3259.858695652174,3592.0,3592.0,0.753473903360124,1.0,0.9075330444465963
10,25,3451.4166666666665,4231.0,4231.0,4231.0,0.8157448987630977,1.0,1.0
10,25,2968.2500000000005,3707.0,3707.0,3707.0,0.8007148637712437,1.0,1.0
10,25,2200.6666666666665,2304.457092819615,2866.0,2866.0,0.7678529890672249,1.0,0.8040673736286165
10,25,5604.333333333334,5703.8102836879425,7335.0,7335.0,0.7640536241763236,1.0,0.7776155805982199
10,25,2544.0,2788.6656250000005,3114.0,3114.0,0.8169556840077071,1.0,0.8955252488760439
10,25,2822.9166666666665,3621.0,3621.0,3621.0,0.779595875909049,1.0,1.0
10,25,2560.833333333333,3354.0,3354.0,3354.0,0.7635161995627111,1.0,1.0
10,25,2561.3333333333335,2775.732269503546,3020.0,3020.0,0.8481236203090509,1.0,0.9191166455309755
10,25,2437.4166666666674,3275.0,3275.0,3275.0,0.7442493638676847,1.0,1.0
10,25,3414.0000000000005,3483.47463768116,5022.0,5022.0,0.6798088410991637,1.0,0.693642898781593
10,25,2499.333333333333,3956.0,3956.0,3956.0,0.631782945736434,1.0,1.0
10,25,2406.6666666666665,3211.0,3211.0,3211.0,0.7495069033530571,1.0,1.0
10,25,2990.166666666667,3582.05,3810.0,3810.0,0.7848206474190726,1.0,0.9401706036745408
10,25,2367.0,2720.181818181818,2977.0,2977.0,0.7950957339603628,1.0,0.913732555653953
10,25,9933.5,10205.436170212766,10534.0,10534.0,0.9429941142965635,1.0,0.9688092054502341
10,25,2447.0,4248.0,4248.0,4248.0,0.5760357815442562,1.0,1.0
10,25,3473.0,4662.936170212766,5115.0,5115.0,0.6789833822091886,1.0,0.9116199746261517
10,25,3439.4999999999995,5187.0,5187.0,5187.0,0.6631000578368998,1.0,1.0
10,25,2709.0833333333335,4271.0,4271.0,4271.0,0.6342971981581207,1.0,1.0
10,25,2807.333333333334,3542.0,3542.0,3542.0,0.7925842273668362,1.0,1.0
10,25,2782.875,3337.615384615384,3423.0,3423.0,0.8129929886064855,1.0,0.9750556192273981
10,25,2787.333333333333,3679.956756756757,4070.0,4070.0,0.6848484848484848,1.0,0.9041662793014145
10,25,2421.6666666666665,3264.0,3264.0,3264.0,0.7419321895424836,1.0,1.0
10,25,2353.875,2664.0,2976.0,2976.0,0.7909526209677419,1.0,0.8951612903225806
10,25,5932.416666666666,6467.0,6467.0,6467.0,0.9173367352198339,1.0,1.0
10,25,5469.333333333333,5886.27304964539,7247.0,7247.0,0.754703095533784,1.0,0.8122358285698068
10,25,3336.4166666666665,5092.0,5092.0,5092.0,0.6552271537051584,1.0,1.0
10,25,10414.583333333334,10580.52304964539,10981.0,10981.0,0.948418480405549,1.0,0.9635300108956734
10,25,3027.3333333333335,3467.0,3467.0,3467.0,0.8731852706470532,1.0,1.0
10,25,2397.833333333333,3233.0,3233.0,3233.0,0.7416743994226208,1.0,1.0
10,25,2386.0,2486.625,2996.0,2996.0,0.7963951935914553,1.0,0.8299816421895861
10,25,3256.5833333333335,3970.0,3970.0,3970.0,0.8202980688497061,1.0,1.0
10,25,2390.5238095238096,2674.8734567901233,3147.0,3147.0,0.7596198949869112,1.0,0.8499756774039159
10,25,3214.416666666667,3290.4367816091954,4111.0,4111.0,0.7819062677369659,1.0,0.8003981468278266
10,25,2705.8999999999996,2942.723834652595,3317.0,3317.0,0.8157672595719022,1.0,0.8871642552464863
10,25,3226.5833333333335,3591.2887323943664,4094.0,4094.0,0.7881248982250448,1.0,0.8772077998032161
10,25,5568.916666666667,7207.0,7207.0,7207.0,0.7727094028953333,1.0,1.0
10,25,2348.2380952380963,2537.147887323943,3057.0,3057.0,0.7681511597115134,1.0,0.8299469700111034
10,25,3667.25,3879.9311881188114,5079.0,5079.0,0.7220417405000984,1.0,0.7639163591492049
10,25,4074.916666666667,4258.045138888889,4934.0,4934.0,0.8258850155384408,1.0,0.8630006361752915
10,25,4576.166666666666,5174.0,5174.0,5174.0,0.8844543228965338,1.0,1.0
10,25,2287.5,3103.0,3103.0,3103.0,0.7371898163067999,1.0,1.0
10,25,2308.25,2308.25,2922.0,2922.0,0.7899555099247091,1.0,0.7899555099247091
10,25,2445.190476190476,2691.012411347518,3115.0,3115.0,0.7849728655507147,1.0,0.8638884145577908
10,25,2887.25,3611.0,3611.0,3611.0,0.7995707560232622,1.0,1.0
10,25,2681.333333333333,2880.8120567375877,3192.0,3192.0,0.840016708437761,1.0,0.9025100428375902
10,25,3505.0,4189.041079812206,4307.0,4307.0,0.8137915022057116,1.0,0.9726122776438834
10,25,2496.9333333333334,2791.333333333334,2964.0,2964.0,0.8424201529464688,1.0,0.9417453891138103
10,25,2883.416666666667,3662.0,3662.0,3662.0,0.7873884944474787,1.0,1.0
10,25,2125.9473684210525,2828.1036144578316,2883.0,2883.0,0.7374080362195812,1.0,0.9809585898223487
10,25,2433.1999999999994,2968.5530874261253,3142.0,3142.0,0.7744112030553786,1.0,0.9447972907148712
10,25,2671.5833333333326,3193.2816651904336,3555.0,3555.0,0.7515002344116266,1.0,0.8982508200254384
10,25,2677.608695652174,3506.0,3506.0,3506.0,0.7637218184974826,1.0,1.0
10,25,2488.4166666666674,3356.0,3356.0,3356.0,0.7414829161700439,1.0,1.0
10,25,2601.7619047619046,3419.0,3419.0,3419.0,0.7609716012757838,1.0,1.0
10,25,2646.666666666667,3280.276869158879,3565.0,3565.0,0.742402992052361,1.0,0.920133764139938
10,25,3274.5,3487.324468085106,4136.0,4136.0,0.7917069632495164,1.0,0.8431635561134203
10,25,3243.7500000000014,4918.0,4918.0,4918.0,0.6595668971126477,1.0,1.0
10,50,4564.727272727272,4620.0,4620.0,4620.0,0.9880362062180242,1.0,1.0
10,50,4835.142857142858,6634.051282051283,6652.0,6652.0,0.7268705437677176,1.0,0.9973017561712693
10,50,3751.625,4603.0,4603.0,4603.0,0.8150391049315664,1.0,1.0
10,50,3681.333333333332,3853.0,3853.0,3853.0,0.95544597283502,1.0,1.0
10,50,3841.448979591835,4666.5,4746.0,4746.0,0.8094077074571924,1.0,0.9832490518331226
10,50,4636.416666666667,5483.0,5483.0,5483.0,0.8455985166271507,1.0,1.0
10,50,6602.755102040817,8369.0,8369.0,8369.0,0.7889538895974211,1.0,1.0
10,50,7696.000000000002,9499.0,9499.0,9499.0,0.8101905463733027,1.0,1.0
10,50,4411.5555555555575,5065.333333333335,5334.0,5334.0,0.8270632837561975,1.0,0.9496312960879892
10,50,10798.918367346936,11535.0,11535.0,11535.0,0.9361871146377925,1.0,1.0
10,50,4266.222222222222,4833.0,4965.0,4965.0,0.8592592592592592,1.0,0.9734138972809667
10,50,3970.3589743589737,4905.0,4905.0,4905.0,0.8094513709192607,1.0,1.0
10,50,4567.653061224489,4660.128312999581,5506.0,5506.0,0.8295773812612584,1.0,0.8463727411913514
10,50,3590.8095238095243,4451.0,4451.0,4451.0,0.8067421981149234,1.0,1.0
10,50,4991.969696969699,5830.686746987951,5870.0,5870.0,0.8504207320220952,1.0,0.9933026826214567
10,50,7601.408163265306,8409.0,8409.0,8409.0,0.9039610135884536,1.0,1.0
10,50,4015.0,4015.0,4015.0,4015.0,1.0,1.0,1.0
10,50,4234.8,4250.0,4250.0,4250.0,0.9964235294117647,1.0,1.0
10,50,6423.65306122449,6565.859246791499,8252.0,8252.0,0.7784359017479993,1.0,0.7956688374686741
10,50,4726.0,4726.0,4726.0,4726.0,1.0,1.0,1.0
10,50,7888.999999999999,9071.18556701031,9664.0,9664.0,0.8163286423841059,1.0,0.9386574469174577
10,50,5129.0,5901.0,5901.0,5901.0,0.8691747161498051,1.0,1.0
10,50,6753.65306122449,6797.810856301284,7622.0,7622.0,0.8860736107615441,1.0,0.8918670763974395
10,50,4697.530612244898,5605.0,5605.0,5605.0,0.8380964517832111,1.0,1.0
10,50,4589.588235294117,5319.000000000001,5375.0,5375.0,0.8538768809849521,1.0,0.9895813953488374
10,50,5387.326530612246,6152.0,6152.0,6152.0,0.8757032722061517,1.0,1.0
10,50,7470.34693877551,8288.0,8288.0,8288.0,0.9013449491765818,1.0,1.0
10,50,4916.2040816326535,6187.135135135134,6536.0,6536.0,0.7521732071041392,1.0,0.946624102682854
10,50,7881.285714285714,9521.0,9521.0,9521.0,0.8277791948624844,1.0,1.0
10,50,5048.888888888888,5863.0,5863.0,5863.0,0.8611442757784219,1.0,1.0
10,50,4319.685714285715,5393.0,5393.0,5393.0,0.8009801064872455,1.0,1.0
10,50,7141.755102040817,7944.0,7944.0,7944.0,0.8990124750806668,1.0,1.0
10,50,7187.5714285714275,7724.525773195876,8003.0,8003.0,0.8981096374573819,1.0,0.9652037702356462
10,50,4897.666666666666,5796.0,5796.0,5796.0,0.8450080515297905,1.0,1.0
10,50,4069.6956521739125,4107.0,4107.0,4107.0,0.9909168863340425,1.0,1.0
10,50,3960.823529411765,4477.0,4477.0,4477.0,0.8847048312288954,1.0,1.0
10,50,3699.2040816326526,3891.50276243094,4373.0,4373.0,0.8459190673754065,1.0,0.8898931539974708
10,50,3556.212121212123,3905.4661596958167,4202.0,4202.0,0.8463141649719473,1.0,0.9294303093040973
10,50,3423.5384615384614,3473.1257631257618,3713.0,3713.0,0.9220410615508918,1.0,0.9353961118033293
10,50,4011.8799999999997,4355.0,4355.0,4355.0,0.9212123995407576,1.0,1.0
10,50,4186.591836734693,6044.0,6044.0,6044.0,0.6926856116371101,1.0,1.0
10,50,4662.102040816327,5422.0,5422.0,5422.0,0.8598491406891049,1.0,1.0
10,50,4502.367346938775,5405.0,5405.0,5405.0,0.8330004342162396,1.0,1.0
10,50,4257.755102040817,5018.0,5018.0,5018.0,0.848496433248469,1.0,1.0
10,50,3777.7142857142867,4586.0,4586.0,4586.0,0.82374929910909,1.0,1.0
10,50,7001.714285714288,7740.144329896908,7881.0,7881.0,0.8884296771620718,1.0,0.9821271830855105
10,50,5383.8125,6045.950819672132,6263.0,6263.0,0.8596219862685613,1.0,0.9653442151799667
10,50,4523.439999999999,4790.0,4790.0,4790.0,0.944350730688935,1.0,1.0
10,50,4482.0,4482.0,4482.0,4482.0,1.0,1.0,1.0
10,50,4575.599999999999,4750.0,4750.0,4750.0,0.9632842105263156,1.0,1.0
10,50,3908.2631578947376,4199.903373594335,4414.0,4414.0,0.8854243674433026,1.0,0.9514960067046522
10,50,3815.5102040816314,4661.0,4661.0,4661.0,0.8186033477969602,1.0,1.0
10,50,5437.061224489795,7268.439393939393,7303.0,7303.0,0.744496949813747,1.0,0.9952676152183203
10,50,8791.0,8791.0,8791.0,8791.0,1.0,1.0,1.0
10,50,4031.18918918919,4883.0,4883.0,4883.0,0.8255558446015134,1.0,1.0
10,50,4263.636363636363,4722.0,4974.0,4974.0,0.8571846328179258,1.0,0.9493365500603136
10,50,7482.285714285714,9123.0,9123.0,9123.0,0.8201562769139223,1.0,1.0
10,50,3734.8709677419347,4008.4464573268947,4128.0,4128.0,0.9047652538134532,1.0,0.9710383859803524
10,50,5096.224489795921,5715.0,5715.0,5715.0,0.891727819736819,1.0,1.0
10,50,3966.0000000000023,4897.92513368984,4906.0,4906.0,0.8083978801467595,1.0,0.9983540835079168
10,50,4392.0,4392.0,4392.0,4392.0,1.0,1.0,1.0
10,50,3946.0,3946.0,3946.0,3946.0,1.0,1.0,1.0
10,50,4085.181818181817,4382.0,4382.0,4382.0,0.9322642214016014,1.0,1.0
10,50,5541.346938775509,5541.346938775509,6202.0,6426.0,0.8934774167648355,1.036117381489842,0.8934774167648355
10,50,5215.448979591837,6075.0,6075.0,6075.0,0.8585101200974218,1.0,1.0
10,50,3810.714285714286,4631.465753424658,4685.0,4685.0,0.8133861869187377,1.0,0.9885732664727125
10,50,3759.0,3759.0,3899.0,3899.0,0.9640933572710951,1.0,0.9640933572710951
10,50,7591.0,7591.0,7591.0,7591.0,1.0,1.0,1.0
10,50,4193.157894736842,4214.0,4214.0,4214.0,0.9950540803836834,1.0,1.0
10,50,4506.285714285716,4549.937783271531,4781.0,4781.0,0.9425404129440944,1.0,0.9516707348403118
10,50,4128.30303030303,5026.0,5026.0,5026.0,0.8213893812779606,1.0,1.0
10,50,4379.326530612245,4795.333333333332,5143.0,5143.0,0.8515120611729039,1.0,0.9324000259252055
10,50,10864.897959183674,11472.0,11472.0,11472.0,0.9470796686875588,1.0,1.0
10,50,6638.714285714285,7424.0,7424.0,7424.0,0.894223368226601,1.0,1.0
10,50,4304.816326530612,5086.0,5086.0,5086.0,0.846405097626939,1.0,1.0
10,50,3654.061224489795,4509.0,4509.0,4509.0,0.8103928198025716,1.0,1.0
10,50,3803.6530612244883,4639.79598145286,4695.0,4695.0,0.810149746799678,1.0,0.9882419555810139
10,50,7424.142857142859,8209.0,8209.0,8209.0,0.904390651375668,1.0,1.0
10,50,4198.2040816326535,5946.0,5946.0,5946.0,0.7060551768638839,1.0,1.0
10,50,3858.9523809523807,4007.0,4007.0,4007.0,0.9630527529204843,1.0,1.0
10,50,11276.938775510203,12398.844559585494,15004.0,15004.0,0.7515954929025729,1.0,0.8263692721664552
10,50,4939.795918367345,5534.175675675676,5841.0,5841.0,0.8457106520060511,1.0,0.9474705830638034
10,50,11631.877551020409,12200.0,12200.0,12200.0,0.9534325861492138,1.0,1.0
10,50,6882.408163265305,7421.773195876288,7712.0,7712.0,0.8924284444068082,1.0,0.9623668563117593
10,50,4137.0,4137.0,4137.0,4137.0,1.0,1.0,1.0
10,50,3838.166666666667,4049.0,4049.0,4049.0,0.9479295299250845,1.0,1.0
10,50,3645.846153846154,4315.0,4315.0,4315.0,0.8449237899991087,1.0,1.0
10,50,4539.224489795918,5371.0,5371.0,5371.0,0.8451358201072273,1.0,1.0
10,50,5218.734693877553,5801.0,5801.0,5801.0,0.8996267357141101,1.0,1.0
10,50,3439.7346938775504,4336.0,4336.0,4336.0,0.7932967467429775,1.0,1.0
10,50,10776.42857142857,10900.095729013256,11527.0,11527.0,0.9348857960812502,1.0,0.9456142733593524
10,50,4663.074074074074,4892.0,5239.0,5239.0,0.8900694930471605,1.0,0.933765985875167
10,50,5507.632653061224,5611.96974789916,7420.0,7420.0,0.7422685516255019,1.0,0.7563301547033908
10,50,4223.166666666666,5113.0,5113.0,5113.0,0.8259664906447616,1.0,1.0
10,50,4310.217391304348,4422.44460294817,4463.0,4463.0,0.9657668365010863,1.0,0.9909129739969011
10,50,4518.342857142856,4735.392617449664,4937.0,4937.0,0.9152000925952716,1.0,0.9591639897609203
10,50,3671.727272727273,3933.0,3933.0,3933.0,0.9335691006171556,1.0,1.0
10,50,4033.6734693877547,4856.0,4856.0,4856.0,0.8306576337289445,1.0,1.0
10,50,4554.428571428571,5454.0,5454.0,5454.0,0.8350620776363349,1.0,1.0
10,50,3877.061224489796,4429.573443983403,4757.0,4757.0,0.8150223301429044,1.0,0.9311695278502004
25,50,4502.09090909091,-1,4567.0,4567.0,0.9857873678762666,1.0,-0.0002189621195533173
25,50,3912.7777777777787,-1,4155.0,4155.0,0.941703436288274,1.0,-0.00024067388688327315
25,50,3378.8461538461534,-1,4025.0,4025.0,0.8394648829431437,1.0,-0.0002484472049689441
25,50,3869.826086956521,-1,4203.0,4203.0,0.9207294996327673,1.0,-0.00023792529145848205
25,50,3389.4615384615377,-1,3622.0,3622.0,0.9357983264664654,1.0,-0.0002760905577029266
25,50,3640.181818181818,-1,4280.0,4280.0,0.8505097706032285,1.0,-0.00023364485981308412
25,50,4586.673469387754,-1,5261.0,5261.0,0.8718254076007896,1.0,-0.00019007793195210037
25,50,3544.0967741935483,-1,4130.0,4130.0,0.8581348121534015,1.0,-0.00024213075060532688
25,50,3576.3200000000006,-1,3734.0,3734.0,0.9577718264595609,1.0,-0.0002678093197643278
25,50,3870.666666666666,-1,3950.999997824069,3951.0,0.9796675952412947,1.0000000005507292,-0.0002531004810303035
25,50,4602.5599999999995,-1,5160.0,5160.0,0.8919689922480619,1.0,-0.0001937984496124031
25,50,3397.448979591837,-1,3882.0,3882.0,0.8751800565666762,1.0,-0.00025759917568263783
25,50,4088.0930232558153,-1,4835.0,4835.0,0.8455207907457736,1.0,-0.00020682523267838676
25,50,4439.35294117647,-1,4924.0,4924.0,0.9015745209537916,1.0,-0.00020308692120227456
25,50,3893.285714285715,-1,4574.0,4574.0,0.8511774626772443,1.0,-0.00021862702229995628
25,50,4002.2142857142862,-1,4452.0,4452.0,0.8989699653446286,1.0,-0.00022461814914645105
25,50,4477.466666666668,-1,5361.0,5361.0,0.8351924392215385,1.0,-0.00018653236336504383
25,50,3455.2222222222226,-1,3949.0,3949.0,0.8749613122872176,1.0,-0.0002532286654849329
25,50,4243.684210526315,-1,4816.0,4816.0,0.8811636649763943,1.0,-0.00020764119601328904
25,50,4667.571428571428,-1,5028.0,5028.0,0.9283157176951926,1.0,-0.0001988862370723946
25,50,3834.3636363636374,-1,4019.0,4019.0,0.9540591282318083,1.0,-0.0002488181139586962
25,50,3695.285714285716,-1,4563.0,4563.0,0.809836886759964,1.0,-0.00021915406530791147
25,50,3434.538461538462,-1,3796.0,3796.0,0.9047783091513335,1.0,-0.00026343519494204424
25,50,3853.9166666666665,-1,3942.0,3942.0,0.9776551665821072,1.0,-0.0002536783358701167
25,50,4167.833333333334,-1,4295.0,4295.0,0.9703919285991465,1.0,-0.00023282887077997672
25,50,3736.2999999999993,-1,4526.0,4526.0,0.8255192222713211,1.0,-0.0002209456473707468
25,50,3300.4897959183663,-1,3983.0,3983.0,0.8286441867733785,1.0,-0.00025106703489831785
25,50,3743.1538461538466,-1,4007.0,4007.0,0.9341536925764529,1.0,-0.0002495632642874969
25,50,3493.3125,-1,4068.0,4068.0,0.8587297197640118,1.0,-0.0002458210422812193
25,50,4308.0,-1,4308.0,4308.0,1.0,1.0,-0.00023212627669452182
25,50,4613.183673469389,-1,5502.0,5502.0,0.8384557748944728,1.0,-0.0001817520901490367
25,50,4694.055555555556,-1,5585.0,5585.0,0.840475479956232,1.0,-0.00017905102954341988
25,50,4316.079999999998,-1,4679.0,4679.0,0.9224364180380419,1.0,-0.00021372088053002778
25,50,3437.611111111111,-1,3824.0,3824.0,0.898956880520688,1.0,-0.0002615062761506276
25,50,3551.775510204081,-1,4459.0,4459.0,0.7965408186149543,1.0,-0.00022426553038797938
25,50,4053.7058823529414,-1,4463.0,4463.0,0.9082917056582884,1.0,-0.00022406453058480843
25,50,4958.944444444444,-1,5285.0,5285.0,0.9383054767160727,1.0,-0.0001892147587511826
25,50,4341.809523809525,-1,4911.0,4911.0,0.8840988645509111,1.0,-0.00020362451639177357
25,50,3883.586206896551,-1,4490.0,4490.0,0.8649412487520158,1.0,-0.00022271714922048998
25,50,3382.0,-1,4007.0,4007.0,0.8440229598203145,1.0,-0.0002495632642874969
25,50,3643.448275862069,-1,4204.0,4204.0,0.8666622920699498,1.0,-0.0002378686964795433
25,50,3596.407407407406,-1,4115.0,4115.0,0.8739750686287743,1.0,-0.00024301336573511544
25,50,3801.0,-1,4010.0,4010.0,0.9478802992518703,1.0,-0.00024937655860349125
25,50,3834.1,-1,4761.0,4936.0,0.8053140096618358,1.036756983826927,-0.00021003990758244065
25,50,4807.387755102041,-1,5278.0,5278.0,0.9108351184354,1.0,-0.00018946570670708602
25,50,3286.764705882353,-1,3585.0,3585.0,0.9168102387398475,1.0,-0.0002789400278940028
25,50,3420.5675675675675,-1,4329.0,4815.0,0.7901518982600063,1.1122661122661122,-0.000231000231000231
25,50,5771.266666666666,-1,6661.0,6661.0,0.8664264624931192,1.0,-0.00015012760846719713
25,50,4098.5,-1,4654.0,4654.0,0.8806403094112591,1.0,-0.00021486892995272884
25,50,4052.9999999999995,-1,4103.0,4103.0,0.9878137947843041,1.0,-0.00024372410431391665
25,50,4259.0,-1,4270.0,4270.0,0.997423887587822,1.0,-0.000234192037470726
25,50,3993.0,-1,3993.0,3993.0,1.0,1.0,-0.00025043826696719256
25,50,4273.0,-1,4307.0,4307.0,0.9921058741583468,1.0,-0.00023218017181332715
25,50,4553.642857142857,-1,5342.0,5342.0,0.8524228485853345,1.0,-0.00018719580681392738
25,50,3533.125,-1,4001.0,4001.0,0.8830604848787803,1.0,-0.00024993751562109475
25,50,4141.4,-1,4243.0,4243.0,0.9760546782936601,1.0,-0.00023568230025925054
25,50,3774.0000000000005,-1,4045.0,4045.0,0.9330037082818295,1.0,-0.00024721878862793575
25,50,4131.272727272727,-1,4220.0,4220.0,0.9789745799224472,1.0,-0.00023696682464454977
25,50,5311.160000000002,-1,5338.0,5338.0,0.9949718995878609,1.0,-0.00018733608092918696
25,50,3796.885714285714,-1,4668.0,4668.0,0.813385971355123,1.0,-0.00021422450728363326
25,50,4426.25,-1,5032.0,5032.0,0.8796204292527822,1.0,-0.0001987281399046105
25,50,5455.724137931034,-1,6255.0,6382.0,0.8722180875988864,1.0203037569944045,-0.0001598721023181455
25,50,4904.272727272727,-1,5275.0,5275.0,0.9297199482981473,1.0,-0.0001895734597156398
25,50,4420.4285714285725,-1,5278.0,5278.0,0.8375196232339092,1.0,-0.00018946570670708602
25,50,3217.1836734693875,-1,3761.0,3761.0,0.8554064539934558,1.0,-0.00026588673225206064
25,50,3440.285714285714,-1,3916.0,3916.0,0.8785203560484459,1.0,-0.0002553626149131767
25,50,4088.0,-1,4088.0,4088.0,1.0,1.0,-0.0002446183953033268
25,50,3670.2380952380945,-1,3904.0,3904.0,0.9401224629195939,1.0,-0.00025614754098360657
25,50,4001.818181818183,-1,4257.0,4257.0,0.9400559506267754,1.0,-0.0002349072116513977
25,50,4755.0,-1,4755.0,4755.0,1.0,1.0,-0.0002103049421661409
25,50,3628.5500000000006,-1,4180.0,4180.0,0.8680741626794259,1.0,-0.00023923444976076556
25,50,4014.4705882352955,-1,4370.0,4370.0,0.9186431552025848,1.0,-0.0002288329519450801
25,50,3491.125,-1,4052.0,4052.0,0.8615807008884502,1.0,-0.00024679170779861795
25,50,3766.5918367346912,-1,4599.0,4599.0,0.8190023563241338,1.0,-0.00021743857360295715
25,50,3732.5652173913036,-1,4183.0,4183.0,0.8923177665291188,1.0,-0.0002390628735357399
25,50,4712.090909090909,-1,5556.0,5556.0,0.8481085149551673,1.0,-0.00017998560115190784
25,50,3997.551020408162,-1,4906.0,4906.0,0.8148289890762662,1.0,-0.00020383204239706482
25,50,4457.551020408164,-1,5095.0,5337.0,0.874887344535459,1.0474975466143277,-0.00019627085377821394
25,50,3776.347826086956,-1,4111.0,4111.0,0.9185959197487122,1.0,-0.00024324981756263683
25,50,4141.0,-1,4141.0,4141.0,1.0,1.0,-0.0002414875633904854
25,50,3821.290322580646,-1,4173.0,4173.0,0.9157177863840512,1.0,-0.00023963575365444525
25,50,4755.333333333333,-1,4834.0,4834.0,0.9837263825679216,1.0,-0.0002068680182043856
25,50,3346.306122448979,-1,4231.0,4231.0,0.7909019433819378,1.0,-0.0002363507445048452
25,50,3976.6875,-1,4788.0,4788.0,0.8305529448621554,1.0,-0.00020885547201336674
25,50,4175.333333333334,-1,4411.0,4411.0,0.9465729615355551,1.0,-0.00022670596236681024
25,50,3748.7499999999995,-1,4134.0,4134.0,0.9068093855829704,1.0,-0.00024189646831156264
25,50,3996.367346938775,-1,4761.0,4761.0,0.8393966282165038,1.0,-0.00021003990758244065
25,50,5789.5306122448965,-1,6676.0,6676.0,0.8672154901505238,1.0,-0.00014979029358897544
25,50,4348.545454545454,-1,4468.0,4468.0,0.9732644258159029,1.0,-0.00022381378692927484
25,50,3777.2799999999993,-1,4475.0,4475.0,0.8440849162011171,1.0,-0.000223463687150838
25,50,4575.360000000002,-1,5316.0,5316.0,0.860677200902935,1.0,-0.00018811136192626034
25,50,3327.083333333334,-1,4075.0,4075.0,0.8164621676891617,1.0,-0.000245398773006135
25,50,4122.814814814816,-1,4506.0,4506.0,0.9149611217964526,1.0,-0.00022192632046160674
25,50,4784.575757575757,-1,5653.0,5653.0,0.8463781633779864,1.0,-0.0001768972227136034
25,50,4677.163265306122,-1,5542.0,5542.0,0.8439486223937428,1.0,-0.00018044027426921688
25,50,3974.333333333334,-1,4121.0,4121.0,0.9644099328641916,1.0,-0.0002426595486532395
25,50,4007.629629629629,-1,4357.0,4357.0,0.9198140072594971,1.0,-0.00022951572182694515
25,50,3461.758620689656,-1,3925.0,3925.0,0.8819767186470461,1.0,-0.00025477707006369424
25,50,3597.571428571429,-1,3825.0,3825.0,0.9405415499533147,1.0,-0.00026143790849673205
25,50,4943.04081632653,-1,5866.0,5866.0,0.8426595322752353,1.0,-0.00017047391749062393
