Facilities,Clients,LP,MFN,OPT,LS,CFL-LP/OPT,Local Search/OPT,MFN-LP/OPT
5,10,416.0,166.28207727215803,416.0,432.0,1.0,1.0384615384615385,0.39971653190422607
5,10,419.33333333333337,119.18062107822638,423.0,428.0,0.9913317572892042,1.011820330969267,0.28175087725349024
5,10,379.0,144.87863115108195,379.0,379.0,1.0,1.0,0.3822655175490289
5,10,338.0,175.69774286685524,338.0,351.0,1.0,1.0384615384615385,0.5198158072983883
5,10,481.0,160.09668493864223,481.0,520.0,1.0,1.0810810810810811,0.33284134082877803
5,10,358.0,144.6852558988368,358.0,358.0,1.0,1.0,0.40414875949395757
5,10,306.0,146.2362914937378,306.0,306.0,1.0,1.0,0.4778963774305157
5,10,386.0,147.10506358743353,386.0,408.0,1.0,1.0569948186528497,0.3811012010037138
5,10,482.0,131.36979198561465,482.0,482.0,1.0,1.0,0.27255143565480217
5,10,475.0,158.2726195366298,475.0,499.0,1.0,1.0505263157894738,0.3332055148139575
5,10,391.0,128.6537023534808,391.0,423.0,1.0,1.081841432225064,0.3290376019270609
5,10,420.0,161.13902468404217,420.0,441.0,1.0,1.05,0.3836643444858147
5,10,601.0,198.85891336570893,601.0,630.0,1.0,1.0482529118136439,0.33088005551698657
5,10,304.0,152.04227603621993,304.0,326.0,1.0,1.0723684210526316,0.5001390659086182
5,10,383.75,133.2377275561167,388.0,417.0,0.9890463917525774,1.074742268041237,0.3433962050415379
5,10,360.0,164.27083278797602,360.0,360.0,1.0,1.0,0.45630786885548896
5,10,289.0,153.00222379893353,289.0,317.0,1.0,1.0968858131487889,0.5294194595118807
5,10,355.66666666666663,146.4267590569692,356.0,366.0,0.999063670411985,1.0280898876404494,0.41131112094654265
5,10,458.0,146.10008378765085,458.0,478.0,1.0,1.0436681222707425,0.318995816130242
5,10,412.0,148.41489444254546,412.0,412.0,1.0,1.0,0.3602303263168579
5,10,362.0,138.2383163536355,362.0,379.0,1.0,1.0469613259668509,0.381873802081866
5,10,407.5,143.8478601921156,409.0,409.0,0.9963325183374083,1.0,0.35170625963842445
5,10,290.0,107.78686989282409,290.0,323.0,1.0,1.1137931034482758,0.3716788616993934
5,10,403.0,136.54650042304615,403.0,403.0,1.0,1.0,0.3388250630844818
5,10,401.0,142.58246209662457,401.0,401.0,1.0,1.0,0.3555672371486897
5,10,394.0,150.99912412528187,394.0,394.0,1.0,1.0,0.38324650793218745
5,10,411.0,174.62611666117704,411.0,434.0,1.0,1.0559610705596107,0.42488106243595386
5,10,410.0,146.4279120343644,410.0,410.0,1.0,1.0,0.35714124886430343
5,10,438.0,149.81856876074656,438.0,438.0,1.0,1.0,0.3420515268510195
5,10,442.0,167.1419117120808,442.0,442.0,1.0,1.0,0.3781491215205448
5,10,495.0,142.5175129375697,507.0,535.0,0.9763313609467456,1.0552268244575937,0.2810996310405714
5,10,438.0,147.00142667745854,438.0,467.0,1.0,1.0662100456621004,0.3356196956106359
5,10,369.0,150.71836773919287,369.0,391.0,1.0,1.0596205962059622,0.4084508610818235
5,10,508.0,162.19525197259364,508.0,530.0,1.0,1.0433070866141732,0.3192819920720347
5,10,298.0,107.56189615177615,298.0,306.0,1.0,1.0268456375838926,0.36094596024085956
5,10,427.0,150.73119551722442,427.0,436.0,1.0,1.0210772833723654,0.3530004578857715
5,10,460.0,134.95587854429317,460.0,479.0,1.0,1.041304347826087,0.29338234466150687
5,10,495.6666666666667,153.86294070078782,501.0,527.0,0.9893546240851631,1.0518962075848304,0.3071116580854048
5,10,401.0,123.4542128072723,401.0,420.0,1.0,1.0473815461346634,0.30786586734980625
5,10,504.0,152.56431180886852,504.0,519.0,1.0,1.0297619047619047,0.3027069678747391
5,10,388.0,141.5847009460618,388.0,388.0,1.0,1.0,0.3649090230568603
5,10,332.0,127.55176533680752,332.0,332.0,1.0,1.0,0.38419206426749253
5,10,522.3333333333333,136.2203277425608,523.0,525.0,0.998725302740599,1.0038240917782026,0.2604595176722004
5,10,362.0,136.31884687450363,362.0,419.0,1.0,1.1574585635359116,0.37657140020581115
5,10,498.0,160.10666628950833,498.0,498.0,1.0,1.0,0.3214993298986111
5,10,386.0,152.3446072986594,386.0,406.0,1.0,1.0518134715025906,0.3946751484421228
5,10,415.0,150.48820056594937,415.0,458.0,1.0,1.1036144578313254,0.3626221700384322
5,10,330.0,132.75874459557855,330.0,347.0,1.0,1.0515151515151515,0.40229922604720775
5,10,396.0,148.42744505577537,396.0,412.0,1.0,1.0404040404040404,0.3748167804438772
5,10,456.0,167.72207645953682,456.0,468.0,1.0,1.0263157894736843,0.3678115711831948
5,10,419.0,160.97485074256863,419.0,475.0,1.0,1.1336515513126493,0.38418818792975806
5,10,444.0,150.8130892215508,444.0,452.0,1.0,1.018018018018018,0.3396691198683576
5,10,336.0,123.19394733872808,336.0,356.0,1.0,1.0595238095238095,0.3666486527938336
5,10,378.0,119.08263448631487,391.0,442.0,0.9667519181585678,1.1304347826086956,0.30455916748418127
5,10,358.0,142.40769322086106,358.0,366.0,1.0,1.0223463687150838,0.3977868525722376
5,10,459.0,156.8271136183725,459.0,459.0,1.0,1.0,0.3416712714997222
5,10,513.0,180.47656315016405,513.0,513.0,1.0,1.0,0.35180616598472525
5,10,371.0,127.59712361117582,371.0,397.0,1.0,1.0700808625336926,0.34392755690343885
5,10,292.0,115.47256514130665,292.0,310.0,1.0,1.0616438356164384,0.39545399020995425
5,10,425.0,144.55291816373636,425.0,425.0,1.0,1.0,0.3401245133264385
5,10,367.0,163.3262751240644,367.0,367.0,1.0,1.0,0.44503072240889485
5,10,442.0,165.64372018820077,442.0,442.0,1.0,1.0,0.3747595479371058
5,10,428.0,149.0296694137947,428.0,428.0,1.0,1.0,0.3482001621817633
5,10,473.0,148.81646617467027,474.0,474.0,0.9978902953586498,1.0,0.31395878939803856
5,10,323.0,129.2174856158377,323.0,353.0,1.0,1.0928792569659442,0.4000541350335532
5,10,397.0,157.8618530977739,402.0,402.0,0.9875621890547264,1.0,0.39269117686013405
5,10,444.0,151.95969055761904,444.0,475.0,1.0,1.0698198198198199,0.34225155530995277
5,10,342.0,150.7435503407687,342.0,373.0,1.0,1.090643274853801,0.44077061503148746
5,10,365.0,110.53232033987962,365.0,365.0,1.0,1.0,0.3028282749037798
5,10,427.6666666666666,147.34338722759614,431.0,431.0,0.9922660479505024,1.0,0.3418640074886221
5,10,529.1666666666669,172.7207144290154,538.0,561.0,0.983581164807931,1.0427509293680297,0.32104222012828143
5,10,393.00000000000006,155.87026202920745,405.0,405.0,0.9703703703703705,1.0,0.3848648445165616
5,10,339.0,144.18646738564024,339.0,339.0,1.0,1.0,0.42532881234702136
5,10,362.0,154.78988001788335,362.0,390.0,1.0,1.0773480662983426,0.42759635364056175
5,10,460.5,144.9565221762029,461.0,461.0,0.9989154013015185,1.0,0.3144393105774466
5,10,455.0,131.4150241914981,455.0,474.0,1.0,1.0417582417582418,0.28882422899230353
5,10,585.0,153.1070464018103,585.0,609.0,1.0,1.041025641025641,0.26172144684070137
5,10,627.3333333333334,148.54381236235818,633.0,633.0,0.9910479199578727,1.0,0.23466637024069223
5,10,445.0,173.4479376303177,445.0,491.0,1.0,1.1033707865168538,0.38977064636026454
5,10,314.0,138.15055682187793,314.0,345.0,1.0,1.0987261146496816,0.4399699261843246
5,10,366.0,165.19028797325964,366.0,373.0,1.0,1.0191256830601092,0.45133958462639245
5,10,316.0,152.17224145926755,316.0,316.0,1.0,1.0,0.48155772613692266
5,10,386.0,166.19681302871717,386.0,409.0,1.0,1.0595854922279793,0.43056169178424136
5,10,613.0,165.06716126723305,613.0,634.0,1.0,1.034257748776509,0.2692775877116363
5,10,343.0,137.26441463561576,343.0,343.0,1.0,1.0,0.4001877977714745
5,10,377.25,144.38253332552196,378.0,379.0,0.998015873015873,1.0026455026455026,0.38196437387704224
5,10,375.0,161.07828068348593,375.0,388.0,1.0,1.0346666666666666,0.42954208182262915
5,10,374.0,158.0062859015893,374.0,374.0,1.0,1.0,0.42247670027162915
5,10,348.0,134.57213553829587,348.0,348.0,1.0,1.0,0.38670153890314907
5,10,465.0,144.5267512270969,465.0,469.0,1.0,1.0086021505376344,0.31081021769268147
5,10,368.0,130.87570734162796,368.0,368.0,1.0,1.0,0.35564050908051076
5,10,499.0,134.1299152078725,499.0,539.0,1.0,1.0801603206412826,0.26879742526627753
5,10,412.0,134.83202250201794,412.0,438.0,1.0,1.0631067961165048,0.3272621905388785
5,10,375.0,142.3098967334066,375.0,375.0,1.0,1.0,0.3794930579557509
5,10,460.0,132.55217223451135,460.0,511.0,1.0,1.1108695652173912,0.2881568961619812
5,10,373.5,147.61112821788336,374.0,374.0,0.9986631016042781,1.0,0.39468216101038334
5,10,642.0,166.4331636309575,642.0,661.0,1.0,1.029595015576324,0.2592416878986877
5,10,548.3333333333333,167.1231842718858,551.0,577.0,0.9951603145795522,1.0471869328493648,0.3033088643772882
5,10,376.5,159.97537714772488,381.0,399.0,0.9881889763779528,1.047244094488189,0.41988287965282123
5,10,379.0,167.70968596749813,381.0,398.0,0.994750656167979,1.0446194225721785,0.44018290280183237
5,25,930.0,169.3625266326683,930.0,964.0,1.0,1.0365591397849463,0.1821102436910412
5,25,892.8000000000001,153.38992616857198,895.0,896.0,0.9975418994413409,1.0011173184357542,0.17138539236711953
5,25,1028.0,195.7309664756569,1028.0,1028.0,1.0,1.0,0.19039977283624213
5,25,1338.0,759.0719796969868,1360.0,1360.0,0.9838235294117647,1.0,0.5581411615419021
5,25,958.0,118.40367991835724,958.0,958.0,1.0,1.0,0.12359465544713699
5,25,788.0,202.280956393332,788.0,788.0,1.0,1.0,0.256701721311335
5,25,904.0,376.3652417411808,904.0,904.0,1.0,1.0,0.4163332320145805
5,25,1846.8181818181815,184.0804221707553,1863.0,1878.0,0.9913141072561361,1.0080515297906603,0.09880860019900982
5,25,951.0,149.6656495672551,951.0,955.0,1.0,1.0042060988433228,0.15737712888249747
5,25,1039.7999999999995,127.51595442489274,1043.0,1057.0,0.996931927133269,1.0134228187919463,0.12225882495195853
5,25,1168.0,178.97283939678755,1168.0,1168.0,1.0,1.0,0.1532301707164277
5,25,1079.3333333333337,497.6894454760368,1084.0,1084.0,0.9956949569495699,1.0,0.45912310468269074
5,25,898.0,143.30821846376014,898.0,898.0,1.0,1.0,0.15958598938057922
5,25,773.0,165.50251723275957,773.0,773.0,1.0,1.0,0.2141041620087446
5,25,1127.0,190.83240383965276,1127.0,1127.0,1.0,1.0,0.1693277762552376
5,25,944.5,130.54267491417096,950.0,953.0,0.9942105263157894,1.003157894736842,0.1374133420149168
5,25,813.0,784.9166304150408,813.0,813.0,1.0,1.0,0.9654571099816
5,25,800.0,200.4521180926488,800.0,800.0,1.0,1.0,0.250565147615811
5,25,1035.0,141.39271856176217,1035.0,1035.0,1.0,1.0,0.13661132228189582
5,25,796.5,210.43759806823303,805.0,805.0,0.9894409937888199,1.0,0.2614131653021528
5,25,1176.0,173.48171533724684,1176.0,1176.0,1.0,1.0,0.14751846542282895
5,25,1200.0000000000002,253.78441808451169,1200.0,1200.0,1.0000000000000002,1.0,0.21148701507042642
5,25,916.0,148.2352030630936,916.0,916.0,1.0,1.0,0.16182882430468734
5,25,1039.6,305.96139355521643,1041.0,1041.0,0.998655139289145,1.0,0.29391104087917047
5,25,1032.0,162.9679050350996,1042.0,1042.0,0.9904030710172744,1.0,0.15639914110854086
5,25,1013.0,165.2164387708717,1013.0,1013.0,1.0,1.0,0.1630961883226769
5,25,1046.0,140.09534120767466,1057.0,1057.0,0.9895931882686849,1.0,0.13254053094387386
5,25,896.0,370.1627005745056,896.0,896.0,1.0,1.0,0.4131280140340464
5,25,1116.8333333333337,332.23030638197844,1131.0,1131.0,0.987474211612143,1.0,0.29374916567814185
5,25,1076.0,163.67404206274688,1076.0,1084.0,1.0,1.0074349442379182,0.15211342199140043
5,25,950.3333333333331,165.73664888686193,951.0,954.0,0.9992989835261127,1.003154574132492,0.1742761817948075
5,25,908.6,279.157801003944,911.0,911.0,0.9973655323819979,1.0,0.30643007794066296
5,25,866.7142857142857,143.9355010537461,875.0,875.0,0.9905306122448979,1.0,0.16449771548999553
5,25,1064.0,189.08523107382905,1065.0,1065.0,0.9990610328638497,1.0,0.17754481790969864
5,25,988.0,516.9732428992895,988.0,988.0,1.0,1.0,0.5232522701409813
5,25,883.0,147.3250145847569,883.0,883.0,1.0,1.0,0.16684599613222753
5,25,935.0,178.78939543625103,935.0,935.0,1.0,1.0,0.1912186047446535
5,25,908.25,152.99101095087886,909.0,909.0,0.9991749174917491,1.0,0.16830694274024077
5,25,916.0,152.59615071183828,916.0,916.0,1.0,1.0,0.16658968418322956
5,25,1065.25,153.11186017253831,1086.0,1086.0,0.9808931860036832,1.0,0.14098697990104817
5,25,887.6666666666666,140.85695239627583,917.0,917.0,0.9680116321337695,1.0,0.153606273060279
5,25,1099.2857142857142,174.2536343548417,1103.0,1103.0,0.9966325605491516,1.0,0.15798153613312937
5,25,1146.0,145.79846211737515,1146.0,1146.0,1.0,1.0,0.12722378893313713
5,25,1054.0,167.9275437384077,1054.0,1122.0,1.0,1.064516129032258,0.15932404529260694
5,25,965.0,165.3711741971072,965.0,965.0,1.0,1.0,0.17136909243223544
5,25,861.0,198.61983095008847,861.0,861.0,1.0,1.0,0.2306850533682793
5,25,966.0,137.99794611495787,966.0,966.0,1.0,1.0,0.142855016682151
5,25,1046.0,147.63443551799267,1046.0,1046.0,1.0,1.0,0.14114190776098726
5,25,974.1666666666664,185.63385345299324,975.0,985.0,0.9991452991452989,1.0102564102564102,0.19039369584922383
5,25,1097.0,185.24438477242805,1097.0,1097.0,1.0,1.0,0.16886452577249594
5,25,910.625,149.0921580531162,911.0,940.0,0.9995883644346871,1.031833150384193,0.16365769270374994
5,25,1179.0,157.21647852827925,1179.0,1179.0,1.0,1.0,0.13334731003246755
5,25,1028.6666666666667,162.6068899307083,1032.0,1032.0,0.9967700258397933,1.0,0.15756481582432974
5,25,966.0,148.53828997021228,986.0,992.0,0.9797160243407708,1.0060851926977687,0.1506473529109658
5,25,996.3333333333331,187.4128107356111,998.0,1001.0,0.9983299933199731,1.003006012024048,0.18778838751063234
5,25,914.0,153.71445715242945,914.0,914.0,1.0,1.0,0.16817774305517444
5,25,954.0,173.7790622239622,954.0,954.0,1.0,1.0,0.1821583461467109
5,25,902.0,153.10950600986342,902.0,915.0,1.0,1.0144124168514412,0.1697444634255692
5,25,1061.0,176.20436004032186,1061.0,1104.0,1.0,1.0405278039585297,0.16607385489191503
5,25,983.0,363.6376406543114,983.0,983.0,1.0,1.0,0.3699263892719343
5,25,944.0,205.79403837644188,944.0,1005.0,1.0,1.0646186440677967,0.21800215929707825
5,25,1005.0,173.52595330829294,1005.0,1039.0,1.0,1.0338308457711443,0.17266264010775417
5,25,869.0,196.52914968632732,869.0,869.0,1.0,1.0,0.22615552322937552
5,25,1095.0,141.7902661234745,1116.0,1116.0,0.9811827956989247,1.0,0.1270522097880596
5,25,1117.0,166.72675137328733,1117.0,1117.0,1.0,1.0,0.14926298242908445
5,25,794.0,538.1189800725948,794.0,794.0,1.0,1.0,0.6777317129377768
5,25,941.0,138.40043212037665,941.0,941.0,1.0,1.0,0.1470780362596989
5,25,826.0,170.2201134269701,826.0,826.0,1.0,1.0,0.20607761916098075
5,25,1142.0,161.09751173369713,1142.0,1142.0,1.0,1.0,0.14106612235875404
5,25,939.0,158.83057883715082,944.0,960.0,0.9947033898305084,1.0169491525423728,0.1682527318190157
5,25,1168.0,830.2651686817723,1168.0,1168.0,1.0,1.0,0.7108434663371338
5,25,1012.25,167.09245100184688,1015.0,1015.0,0.9972906403940887,1.0,0.16462310443531714
5,25,1115.0,196.50502270038865,1115.0,1115.0,1.0,1.0,0.17623768852052793
5,25,899.0,202.60858321419067,899.0,899.0,1.0,1.0,0.22537106030499518
5,25,1116.0,186.59294667356264,1117.0,1120.0,0.999104744852283,1.0026857654431514,0.16704829603720917
5,25,866.0,202.5958242524061,866.0,866.0,1.0,1.0,0.23394436980647354
5,25,826.0,162.62450596937876,826.0,826.0,1.0,1.0,0.1968819684859307
5,25,1166.0,163.17745076613394,1166.0,1166.0,1.0,1.0,0.13994635571709602
5,25,1231.0,160.3271961608812,1231.0,1231.0,1.0,1.0,0.130241426613226
5,25,888.0,152.38463439309518,888.0,888.0,1.0,1.0,0.1716043180102423
5,25,1013.777777777778,165.5269873283215,1026.0,1055.0,0.988087502707386,1.0282651072124755,0.1613323463239001
5,25,842.0,141.33160209271185,844.0,844.0,0.9976303317535545,1.0,0.16745450484918464
5,25,901.0,173.01243129407098,901.0,904.0,1.0,1.0033296337402886,0.19202267624203218
5,25,1074.0,174.21267042823703,1074.0,1074.0,1.0,1.0,0.16220919034286502
5,25,780.6,139.0000154923608,782.0,782.0,0.9982097186700768,1.0,0.17774938042501381
5,25,1149.0,164.74746098787773,1149.0,1149.0,1.0,1.0,0.14338334289632526
5,25,839.0,586.095088992297,839.0,839.0,1.0,1.0,0.6985638724580416
5,25,985.0,156.52855118064772,985.0,985.0,1.0,1.0,0.1589122347011652
5,25,880.0,178.75202343815465,889.0,889.0,0.9898762654668166,1.0,0.20107089250636068
5,25,927.0,160.10560788268646,927.0,927.0,1.0,1.0,0.17271370861131224
5,25,847.0,752.1203750119464,851.0,851.0,0.9952996474735605,1.0,0.8838077262185035
5,25,899.0,145.3934741036458,899.0,943.0,1.0,1.0489432703003336,0.1617280023399842
5,25,1272.0,151.73852538784908,1272.0,1272.0,1.0,1.0,0.11929129354390651
5,25,1164.0,208.8741536723088,1164.0,1180.0,1.0,1.013745704467354,0.17944514920301444
5,25,1049.8000000000002,138.61343925709497,1056.0,1056.0,0.994128787878788,1.0,0.13126272656921872
5,25,1098.0,178.8640348250721,1098.0,1098.0,1.0,1.0,0.16289984956746092
5,25,812.0,184.8925781967631,812.0,812.0,1.0,1.0,0.22770021945414176
5,25,863.0,428.2813257258152,899.0,899.0,0.9599555061179088,1.0,0.4763974702178144
5,25,953.6,940.2740077722344,960.0,960.0,0.9933333333333334,1.0,0.9794520914294108
5,25,830.0,130.94033111698803,830.0,830.0,1.0,1.0,0.15775943508070847
10,25,916.0,215.954292093226,916.0,1034.0,1.0,1.1288209606986899,0.23575796080046507
10,25,1069.2,259.41755272082065,1082.0,1174.0,0.9881700554528651,1.0850277264325323,0.23975744244068453
10,25,939.3333333333334,225.5501612795973,940.0,1063.0,0.999290780141844,1.1308510638297873,0.23994698008467796
10,25,860.0,230.66426413185232,860.0,860.0,1.0,1.0,0.26821426061843295
10,25,969.0,226.99756962052368,969.0,979.0,1.0,1.0103199174406605,0.23425961777143825
10,25,979.75,196.80985643428707,985.0,985.0,0.9946700507614213,1.0,0.19980696084699195
10,25,791.3333333333334,234.71627938406556,792.0,822.0,0.9991582491582492,1.0378787878787878,0.2963589386162444
10,25,810.0,234.95175702924143,810.0,908.0,1.0,1.1209876543209876,0.2900638975669647
10,25,768.0,217.5147752084828,768.0,802.0,1.0,1.0442708333333333,0.28322236355271196
10,25,893.0,210.3678951577428,893.0,933.0,1.0,1.0447928331466965,0.23557435068056304
10,25,911.0,222.1355470697853,911.0,911.0,1.0,1.0,0.2438370439843966
10,25,833.0,225.1998744665525,833.0,833.0,1.0,1.0,0.27034798855528513
10,25,903.0,214.75511254721357,903.0,910.0,1.0,1.0077519379844961,0.23782404490278358
10,25,759.9999999999999,238.41302669947748,762.0,766.0,0.9973753280839893,1.005249343832021,0.31287798779458986
10,25,778.0,225.70715932958373,778.0,788.0,1.0,1.012853470437018,0.29011202998661145
10,25,844.0,227.475593656,844.0,855.0,1.0,1.0130331753554502,0.26952084556398104
10,25,652.0,220.5022009705886,652.0,683.0,1.0,1.0475460122699387,0.3381935597708414
10,25,929.0,241.3524096623399,929.0,1074.0,1.0,1.1560818083961248,0.2597980728335198
10,25,720.6666666666666,208.85176758329789,721.0,721.0,0.9995376791493296,1.0,0.28966958055935904
10,25,859.0,224.3851805224844,859.0,888.0,1.0,1.0337601862630965,0.26121674100405634
10,25,735.0,201.69079686899508,735.0,744.0,1.0,1.0122448979591836,0.27440924744080963
10,25,867.0,207.62004824795932,879.0,903.0,0.9863481228668942,1.0273037542662116,0.2362002824208866
10,25,814.0,238.33437596154883,814.0,844.0,1.0,1.0368550368550369,0.2927940736628364
10,25,736.0,218.5145780730863,739.0,807.0,0.9959404600811907,1.0920162381596752,0.2956895508431479
10,25,826.0,235.74608625395777,826.0,887.0,1.0,1.0738498789346247,0.2854068840846946
10,25,694.0,216.13769728479585,694.0,759.0,1.0,1.0936599423631124,0.31143760415676636
10,25,729.0,207.4345911365964,729.0,749.0,1.0,1.027434842249657,0.2845467642477317
10,25,1093.0,240.9346398647064,1093.0,1133.0,1.0,1.0365965233302836,0.22043425422205526
10,25,866.7142857142858,240.44285021513392,869.0,928.0,0.9973697188887063,1.0678941311852703,0.2766891256790954
10,25,806.3333333333331,214.82175278415863,809.0,873.0,0.9967037494849607,1.0791100123609394,0.2655398674711479
10,25,790.0,227.47069038286804,790.0,805.0,1.0,1.018987341772152,0.2879375827631241
10,25,807.6666666666666,225.40863034747,808.0,828.0,0.9995874587458745,1.0247524752475248,0.2789710771627104
10,25,952.0,236.61625753313237,952.0,1032.0,1.0,1.084033613445378,0.24854648900539114
10,25,773.0,212.4852676004744,773.0,812.0,1.0,1.0504527813712807,0.2748839166888414
10,25,816.6666666666667,233.82723145202692,827.0,829.0,0.9875050382910118,1.0024183796856105,0.2827415132430797
10,25,799.0,208.28483384308572,799.0,815.0,1.0,1.0200250312891115,0.2606818946721974
10,25,761.0,216.625607988484,761.0,798.0,1.0,1.0486202365308803,0.284659143217456
10,25,796.0,219.2660606602378,805.0,805.0,0.9888198757763975,1.0,0.27238019957793513
10,25,856.0,235.09903530039097,856.0,871.0,1.0,1.0175233644859814,0.2746484057247558
10,25,885.7777777777777,231.62316886785572,904.0,914.0,0.9798426745329399,1.011061946902655,0.2562203195440882
10,25,797.0,209.6954313084532,797.0,797.0,1.0,1.0,0.2631059363970555
10,25,854.5,209.4057201483577,855.0,855.0,0.9994152046783625,1.0,0.24491897093375167
10,25,840.0,226.76680555513133,840.0,913.0,1.0,1.0869047619047618,0.26996048280372775
10,25,997.0,246.76100030832453,998.0,1050.0,0.998997995991984,1.0521042084168337,0.2472555113309865
10,25,961.0,197.2632397715902,963.0,990.0,0.9979231568016614,1.02803738317757,0.20484240890092442
10,25,880.0,241.54503211660264,880.0,984.0,1.0,1.1181818181818182,0.2744829910415939
10,25,857.6666666666667,235.51225874600752,859.0,904.0,0.9984478075281336,1.0523864959254947,0.27417026629337315
10,25,800.0,232.4593219645321,800.0,800.0,1.0,1.0,0.29057415245566515
10,25,1108.3333333333333,233.9679145946953,1111.0,1181.0,0.9975997599759975,1.063006300630063,0.2105921823534611
10,25,873.0,212.7692696350537,873.0,906.0,1.0,1.0378006872852235,0.24372195834484958
10,25,1006.0,228.64644180590963,1006.0,1046.0,1.0,1.0397614314115309,0.2272827453339062
10,25,734.0000000000001,222.1241073363504,740.0,769.0,0.9918918918918921,1.0391891891891891,0.30016771261668973
10,25,788.0,219.2990710291537,788.0,886.0,1.0,1.1243654822335025,0.27829831348877376
10,25,850.0,205.0873515411908,850.0,860.0,1.0,1.011764705882353,0.2412792371072833
10,25,711.6666666666666,210.78382379131176,712.0,733.0,0.9995318352059924,1.029494382022472,0.296044696336112
10,25,789.3333333333334,227.68505307793316,792.0,834.0,0.9966329966329966,1.053030303030303,0.28748112762365297
10,25,838.0,246.24399175325067,838.0,859.0,1.0,1.0250596658711217,0.29384724552893876
10,25,806.0,221.8665293163968,824.0,831.0,0.9781553398058253,1.008495145631068,0.2692554967432
10,25,855.0,224.094480171385,855.0,873.0,1.0,1.0210526315789474,0.2620988072179941
10,25,734.0,225.68686162073425,734.0,734.0,1.0,1.0,0.307475288311627
10,25,717.0,226.42596767384512,717.0,774.0,1.0,1.0794979079497908,0.31579632869434465
10,25,817.1666666666667,233.6896297324809,826.0,887.0,0.9893058918482648,1.0738498789346247,0.28291722727903257
10,25,727.0,209.12290359697465,727.0,727.0,1.0,1.0,0.2876518618940504
10,25,768.0,232.655708680447,768.0,785.0,1.0,1.0221354166666667,0.3029371206776654
10,25,786.5,208.2226467285805,787.0,787.0,0.9993646759847522,1.0,0.26457769597024205
10,25,771.0,220.1565301749484,771.0,771.0,1.0,1.0,0.28554673174442075
10,25,802.0,216.4882498317255,802.0,802.0,1.0,1.0,0.2699354736056428
10,25,832.4000000000001,214.9372911091687,833.0,833.0,0.9992797118847541,1.0,0.25802796051520854
10,25,801.0000000000001,200.10923421842512,804.0,804.0,0.9962686567164181,1.0,0.24889208236122526
10,25,789.0,226.25589231667016,789.0,822.0,1.0,1.0418250950570342,0.2867628546472372
10,25,679.0,204.77765329796247,679.0,690.0,1.0,1.01620029455081,0.30158711825914947
10,25,762.0,210.538101388997,762.0,768.0,1.0,1.0078740157480315,0.27629672098293573
10,25,724.0,222.53290276164907,724.0,724.0,1.0,1.0,0.307365887792333
10,25,824.3999999999999,226.1343610080196,826.0,870.0,0.9980629539951572,1.0532687651331718,0.27377041284263876
10,25,943.0,225.6995861804081,943.0,998.0,1.0,1.058324496288441,0.2393420850269439
10,25,733.0,222.7237362407516,733.0,733.0,1.0,1.0,0.3038523004648726
10,25,840.0,198.62605209237324,840.0,840.0,1.0,1.0,0.23645958582425386
10,25,783.0,204.6776328635127,783.0,818.0,1.0,1.0446998722860792,0.26140182996617206
10,25,755.0,231.07191156942167,755.0,758.0,1.0,1.0039735099337748,0.30605551201247905
10,25,768.5,242.46797090318856,775.0,775.0,0.9916129032258064,1.0,0.3128618979395981
10,25,1007.7777777777778,230.5752712544153,1016.0,1040.0,0.991907261592301,1.0236220472440944,0.2269441646204875
10,25,772.0,200.28915865743863,772.0,776.0,1.0,1.005181347150259,0.2594419153593765
10,25,829.0,227.4934742222348,833.0,866.0,0.9951980792316927,1.0396158463385354,0.273101409630534
10,25,870.9999999999999,220.7138670026829,881.0,961.0,0.988649262202043,1.090805902383655,0.25052652327205777
10,25,838.25,233.49283935586948,847.0,851.0,0.9896694214876033,1.0047225501770956,0.27567041246265583
10,25,953.0,213.91992197630145,953.0,970.0,1.0,1.0178384050367262,0.224470012566948
10,25,1057.6,214.6335854830962,1059.0,1068.0,0.9986779981114258,1.0084985835694051,0.20267571811434956
10,25,911.0,222.20274009841745,911.0,918.0,1.0,1.0076838638858396,0.24391080142526614
10,25,926.0,231.35469400981788,934.0,971.0,0.9914346895074947,1.0396145610278373,0.24770309851158231
10,25,749.0,215.4567641043064,749.0,776.0,1.0,1.0360480640854473,0.2876592311138937
10,25,775.0,218.93014038367045,775.0,856.0,1.0,1.104516129032258,0.2824905037208651
10,25,750.1666666666665,215.494762978071,757.0,840.0,0.9909731395860852,1.1096433289299867,0.2846694359023395
10,25,862.0,237.2627165477207,862.0,862.0,1.0,1.0,0.275246770937031
10,25,755.0,228.95025243836645,755.0,853.0,1.0,1.1298013245033112,0.30324536746803504
10,25,872.0,231.5385273127697,872.0,872.0,1.0,1.0,0.26552583407427716
10,25,834.6666666666666,229.0274857444749,839.0,853.0,0.9948351211760031,1.0166865315852205,0.2729767410542013
10,25,1095.0,247.51023126675804,1095.0,1100.0,1.0,1.004566210045662,0.22603674088288406
10,25,842.0,227.8064519302405,843.0,869.0,0.9988137603795967,1.0308422301304863,0.270233039063156
10,25,838.0,211.8458608321612,844.0,866.0,0.9928909952606635,1.0260663507109005,0.2510022047774422
10,25,931.0,234.4123190878124,931.0,1041.0,1.0,1.1181525241675618,0.25178551996542686
5,50,1755.0,193.4258814432021,1755.0,1755.0,1.0,1.0,0.11021417746051401
5,50,2291.9,225.6073878143495,2364.0,2364.0,0.9695008460236887,1.0,0.09543459721419183
5,50,2437.0,215.23989205749848,2437.0,2475.0,1.0,1.0155929421419778,0.088321662723635
5,50,1807.0,176.15162066857314,1807.0,1807.0,1.0,1.0,0.09748291127203826
5,50,2318.576470588235,213.84860839879684,2360.0,2360.0,0.9824476570289132,1.0,0.09061381711813425
5,50,2071.0,238.32049813314651,2071.0,2071.0,1.0,1.0,0.11507508359881531
5,50,2008.857142857143,217.6624845686213,2010.0,2013.0,0.9994314143567875,1.001492537313433,0.10828979331772204
5,50,2239.333333333333,179.8906176165881,2253.0,2288.0,0.9939340139073826,1.0155348424323125,0.07984492570643058
5,50,1896.0,203.37711072769704,1896.0,1917.0,1.0,1.0110759493670887,0.10726640861165455
5,50,2250.0,249.9929861573941,2260.0,2282.0,0.995575221238938,1.0097345132743363,0.11061636555636907
5,50,2025.0,251.39019631406023,2048.0,2048.0,0.98876953125,1.0,0.12274911929397472
5,50,2192.0,203.90889325225692,2192.0,2192.0,1.0,1.0,0.09302413013332889
5,50,1962.0,167.83652917547792,1962.0,1962.0,1.0,1.0,0.08554359285192555
5,50,1884.0,195.46418164379796,1884.0,1884.0,1.0,1.0,0.10374956562834287
5,50,1912.0,235.72539451702607,1912.0,1912.0,1.0,1.0,0.12328734022857012
5,50,2328.1296296296296,260.69165253158417,2382.0,2382.0,0.9773843953105078,1.0,0.10944233943391443
5,50,1633.0,299.1622114668681,1633.0,1633.0,1.0,1.0,0.18319792496440176
5,50,2466.4,178.9264202151169,2468.0,2540.0,0.9993517017828202,1.0291734197730957,0.0724985495199015
5,50,2029.0,201.1155541348103,2029.0,2072.0,1.0,1.0211927057663874,0.09912052939123228
5,50,2401.25,212.97694160762063,2403.0,2403.0,0.9992717436537661,1.0,0.08862960532984629
5,50,1963.0,211.0622020095675,1963.0,2026.0,1.0,1.032093734080489,0.10752022517043683
5,50,1873.0,192.3218028786634,1873.0,1881.0,1.0,1.00427122263748,0.10268115476703865
5,50,2069.0,197.51725536416416,2069.0,2069.0,1.0,1.0,0.09546508234130699
5,50,2080.0,194.6815197797141,2080.0,2080.0,1.0,1.0,0.09359688450947794
5,50,2075.0,175.11784925585297,2075.0,2093.0,1.0,1.0086746987951807,0.08439414421968817
5,50,1787.0,191.60258461099744,1787.0,1787.0,1.0,1.0,0.10722024880302039
5,50,1883.2857142857144,248.06945251089505,1944.0,1944.0,0.9687683715461494,1.0,0.12760774306116002
5,50,1784.0,203.22053098710265,1784.0,1804.0,1.0,1.0112107623318385,0.11391285369232211
5,50,1864.5,172.2211796615101,1866.0,1866.0,0.9991961414790996,1.0,0.09229430850027336
5,50,1650.0,244.2369956442488,1650.0,1650.0,1.0,1.0,0.14802242160257503
5,50,2060.285714285714,221.7406085616236,2064.0,2096.0,0.9982004429678848,1.0155038759689923,0.10743246538838352
5,50,2069.454545454545,214.1066150934592,2072.0,2130.0,0.9987714987714986,1.027992277992278,0.10333330844278919
5,50,1892.625,257.45760524603804,1919.0,1919.0,0.9862558624283481,1.0,0.13416237897135908
5,50,2060.0,195.14206477982995,2060.0,2060.0,1.0,1.0,0.09472915766011163
5,50,2282.6666666666674,213.69983643010028,2296.0,2296.0,0.9941927990708482,1.0,0.09307484165074054
5,50,1902.0,191.12222761487163,1902.0,1902.0,1.0,1.0,0.10048487256302399
5,50,2370.0,213.9372819448461,2370.0,2593.0,1.0,1.0940928270042194,0.0902688953353781
5,50,2028.0,196.92476012852632,2028.0,2028.0,1.0,1.0,0.09710293891939167
5,50,1703.0,273.3661332253636,1703.0,1703.0,1.0,1.0,0.16052033659739495
5,50,2259.0,196.86606016429508,2259.0,2259.0,1.0,1.0,0.08714743699171983
5,50,1976.0,217.28093128675948,1976.0,1976.0,1.0,1.0,0.10995998546900783
5,50,1888.0,182.01176257231023,1888.0,1888.0,1.0,1.0,0.09640453526075754
5,50,2318.0,274.6582121063106,2324.0,2324.0,0.9974182444061962,1.0,0.11818339591493572
5,50,1876.0,211.6629469095261,1876.0,1876.0,1.0,1.0,0.11282673076200753
5,50,2066.0,204.1391009669321,2066.0,2066.0,1.0,1.0,0.09880885816405231
5,50,1801.0,303.48044762441674,1801.0,1801.0,1.0,1.0,0.16850663388362952
5,50,2039.6666666666663,1222.823196549478,2060.0,2060.0,0.9901294498381875,1.0,0.5936034934706205
5,50,1947.8571428571424,202.8986527887305,1953.0,1953.0,0.997366688610928,1.0,0.10389075923642115
5,50,1942.0,209.8034810630543,1942.0,2022.0,1.0,1.0411946446961895,0.10803474823020304
5,50,2363.428571428571,184.14781885524917,2364.0,2364.0,0.999758278946096,1.0,0.07789670848360794
5,50,2141.0,166.95875741073047,2141.0,2141.0,1.0,1.0,0.07798167090645981
5,50,1916.0,204.01476671643988,1916.0,1979.0,1.0,1.0328810020876826,0.10647952333843418
5,50,2198.0,269.7243416989945,2198.0,2198.0,1.0,1.0,0.12271353125522953
5,50,1802.0,195.29625334511096,1802.0,1802.0,1.0,1.0,0.1083774990816376
5,50,1962.0,200.3421180510126,1962.0,1986.0,1.0,1.0122324159021407,0.10211117127982293
5,50,2137.0,254.13661887436288,2137.0,2154.0,1.0,1.0079550772110435,0.11892214266465273
5,50,2205.0,186.53459725823217,2205.0,2205.0,1.0,1.0,0.08459618923275836
5,50,2063.0,202.86698729728096,2063.0,2063.0,1.0,1.0,0.09833591240779493
5,50,1933.0,175.28578811065273,1933.0,1933.0,1.0,1.0,0.09068069741885812
5,50,2568.0,291.38908133694565,2568.0,2568.0,1.0,1.0,0.11346926843339004
5,50,2343.0,208.6826578447365,2343.0,2343.0,1.0,1.0,0.08906643527304162
5,50,1980.0,334.3622294501728,1980.0,1980.0,1.0,1.0,0.16886981285362263
5,50,2411.9090909090905,222.2184377426337,2426.0,2426.0,0.994191711009518,1.0,0.09159869651386385
5,50,2117.0,192.4306537471931,2117.0,2117.0,1.0,1.0,0.09089780526556122
5,50,1819.0,165.68424513918936,1819.0,1819.0,1.0,1.0,0.09108534642066485
5,50,2162.866666666667,186.89003938122607,2179.0,2179.0,0.9925959920452808,1.0,0.0857687193121735
5,50,1875.0,262.9017080978292,1875.0,1920.0,1.0,1.024,0.14021424431884225
5,50,2350.0,211.9358337286331,2350.0,2468.0,1.0,1.0502127659574467,0.09018546116112047
5,50,2018.0,172.60759640554164,2022.0,2022.0,0.9980217606330366,1.0,0.0853647855615933
5,50,2073.6493506493507,196.1685969367401,2089.0,2092.0,0.9926516757536384,1.0014360938247966,0.09390550355995218
5,50,2271.0,192.9460606921976,2271.0,2283.0,1.0,1.0052840158520475,0.08496083694064183
5,50,2035.0,317.21238407715737,2035.0,2073.0,1.0,1.0186732186732186,0.15587832141383653
5,50,1930.0,193.74462779275044,1930.0,1930.0,1.0,1.0,0.10038581750919712
5,50,2416.25,170.65191547112246,2419.0,2419.0,0.9988631665977676,1.0,0.07054647187727262
5,50,2481.6666666666665,202.43195604988244,2484.0,2484.0,0.9990606548577562,1.0,0.08149434623586249
5,50,2004.8952380952385,193.91023206027188,2008.0,2059.0,0.9984538038322901,1.025398406374502,0.09656884066746607
5,50,2294.555555555556,206.37890916249515,2298.0,2298.0,0.9985011120781359,1.0,0.08980805446583776
5,50,2174.0,295.233969110116,2174.0,2174.0,1.0,1.0,0.13580219370290525
5,50,1808.5,200.01286531411628,1813.0,1822.0,0.9975179260893546,1.0049641478212907,0.11032149217546403
5,50,1863.0,187.42604861688037,1863.0,1863.0,1.0,1.0,0.1006044275989696
5,50,1788.0,337.95577959019977,1788.0,1788.0,1.0,1.0,0.1890132995470916
5,50,1967.0,197.5803521821872,1967.0,1967.0,1.0,1.0,0.1004475608450367
5,50,1703.0,243.19606416163188,1703.0,1703.0,1.0,1.0,0.14280450038850961
5,50,2043.0,236.83473445343023,2043.0,2043.0,1.0,1.0,0.11592498015341665
5,50,2168.8,251.1639584639051,2171.0,2171.0,0.9989866421004147,1.0,0.1156904460911585
5,50,2266.0,202.78957435850316,2266.0,2266.0,1.0,1.0,0.0894923099552088
5,50,1919.0,196.38716179285652,1919.0,1992.0,1.0,1.0380406461698801,0.10233828128861726
5,50,1983.0,178.32740727688486,1983.0,2006.0,1.0,1.0115985879979827,0.08992809242404683
5,50,2297.0,187.43119327232384,2297.0,2297.0,1.0,1.0,0.08159825566927463
5,50,1971.0,188.9252989729244,1971.0,1971.0,1.0,1.0,0.09585251089443145
5,50,2211.6000000000004,273.4267995381606,2214.0,2214.0,0.9989159891598918,1.0,0.12349900611479701
5,50,1895.0,205.87056140748192,1895.0,1930.0,1.0,1.0184696569920844,0.10863881868468703
5,50,1788.0,183.51894694631048,1788.0,1788.0,1.0,1.0,0.10263923207288059
5,50,2483.913043478261,183.5860874454463,2509.0,2509.0,0.9900012130244165,1.0,0.07317101930866732
5,50,1878.0,246.12520075183275,1878.0,1885.0,1.0,1.003727369542066,0.13105708240246686
5,50,2108.666666666667,226.3314274878168,2117.0,2117.0,0.9960636120296018,1.0,0.10691139701833575
5,50,2136.0,201.97602460008687,2136.0,2136.0,1.0,1.0,0.09455806395135154
5,50,1934.0,192.68986386699208,1934.0,1934.0,1.0,1.0,0.09963281482264327
5,50,2188.947368421053,219.1104880271704,2227.0,2227.0,0.9829130527261127,1.0,0.09838818501444561
5,50,2164.6666666666665,193.8312274793456,2178.0,2178.0,0.9938781756963574,1.0,0.08899505393909349
10,50,1751.0,-1.0,1751.0,1751.0,1.0,1.0,-0.0005711022272986865
10,50,1680.8181818181818,-1.0,1682.0,1819.0,0.9992973732569451,1.081450653983353,-0.0005945303210463733
10,50,1479.0,-1.0,1479.0,1514.0,1.0,1.0236646382691008,-0.000676132521974307
10,50,1641.614285714286,-1.0,1646.0,1679.0,0.9973355320256903,1.020048602673147,-0.0006075334143377885
10,50,1785.0,-1.0,1785.0,1786.0,1.0,1.0005602240896359,-0.0005602240896358543
10,50,1699.0,-1.0,1699.0,1739.0,1.0,1.0235432607416126,-0.0005885815185403178
10,50,1720.8000000000004,-1.0,1722.0,1722.0,0.999303135888502,1.0,-0.0005807200929152149
10,50,1712.7272727272723,-1.0,1735.0,1748.0,0.9871626932145662,1.007492795389049,-0.0005763688760806917
10,50,1666.0,-1.0,1666.0,1785.0,1.0,1.0714285714285714,-0.0006002400960384153
10,50,1570.0,-1.0,1570.0,1570.0,1.0,1.0,-0.0006369426751592356
10,50,1519.0,-1.0,1519.0,1559.0,1.0,1.0263331138907177,-0.0006583278472679394
10,50,1982.0,-1.0,1982.0,1984.0,1.0,1.0010090817356205,-0.0005045408678102926
10,50,1499.0,-1.0,1499.0,1499.0,1.0,1.0,-0.00066711140760507
10,50,1567.0,-1.0,1567.0,1610.0,1.0,1.0274409700063816,-0.0006381620931716656
10,50,1644.0,-1.0,1644.0,1657.0,1.0,1.0079075425790753,-0.0006082725060827251
10,50,2054.0,-1.0,2054.0,2077.0,1.0,1.0111976630963972,-0.0004868549172346641
10,50,1817.0,-1.0,1832.0,1832.0,0.9918122270742358,1.0,-0.0005458515283842794
10,50,1512.0,-1.0,1512.0,1571.0,1.0,1.039021164021164,-0.0006613756613756613
10,50,1739.0,-1.0,1739.0,1739.0,1.0,1.0,-0.0005750431282346176
10,50,1690.0,-1.0,1690.0,1703.0,1.0,1.0076923076923077,-0.000591715976331361
10,50,1825.5,-1.0,1829.0,1852.0,0.9980863860032805,1.0125751776927283,-0.0005467468562055768
10,50,1557.0,-1.0,1557.0,1557.0,1.0,1.0,-0.0006422607578676942
10,50,1784.9999999999998,-1.0,1793.0,1836.0,0.9955382041271611,1.0239821528165087,-0.0005577244841048522
10,50,1763.0,-1.0,1763.0,1813.0,1.0,1.0283607487237663,-0.0005672149744753262
10,50,1564.0,-1.0,1564.0,1564.0,1.0,1.0,-0.0006393861892583121
10,50,1479.0,-1.0,1479.0,1479.0,1.0,1.0,-0.000676132521974307
10,50,1759.5,-1.0,1767.0,1798.0,0.9957555178268251,1.0175438596491229,-0.0005659309564233164
10,50,1745.0,-1.0,1745.0,1774.0,1.0,1.0166189111747852,-0.0005730659025787965
10,50,1675.0,-1.0,1675.0,1698.0,1.0,1.0137313432835822,-0.0005970149253731343
10,50,1686.0,-1.0,1686.0,1686.0,1.0,1.0,-0.0005931198102016608
10,50,1837.0,-1.0,1844.0,1844.0,0.9962039045553145,1.0,-0.0005422993492407809
10,50,1823.0,-1.0,1823.0,1874.0,1.0,1.0279758639605046,-0.0005485463521667581
10,50,1738.0,-1.0,1738.0,1738.0,1.0,1.0,-0.0005753739930955121
10,50,1558.0,-1.0,1558.0,1558.0,1.0,1.0,-0.0006418485237483953
10,50,1812.0,-1.0,1812.0,1812.0,1.0,1.0,-0.0005518763796909492
10,50,1725.0,-1.0,1728.0,1744.0,0.9982638888888888,1.0092592592592593,-0.0005787037037037037
10,50,1664.0,-1.0,1664.0,1664.0,1.0,1.0,-0.0006009615384615385
10,50,1777.0,-1.0,1777.0,1830.0,1.0,1.0298255486775465,-0.0005627462014631402
10,50,1613.0,-1.0,1613.0,1613.0,1.0,1.0,-0.0006199628022318661
10,50,1609.0,-1.0,1609.0,1609.0,1.0,1.0,-0.0006215040397762585
10,50,1728.0,-1.0,1728.0,1766.0,1.0,1.0219907407407407,-0.0005787037037037037
10,50,1816.0,-1.0,1816.0,1816.0,1.0,1.0,-0.0005506607929515419
10,50,1747.0,-1.0,1747.0,1747.0,1.0,1.0,-0.0005724098454493417
10,50,1820.0,-1.0,1820.0,1872.0,1.0,1.0285714285714285,-0.0005494505494505495
10,50,1769.6666666666667,-1.0,1770.0,1770.0,0.9998116760828626,1.0,-0.0005649717514124294
10,50,1977.0,-1.0,1977.0,1995.0,1.0,1.0091047040971168,-0.0005058168942842691
10,50,1670.0,-1.0,1670.0,1670.0,1.0,1.0,-0.0005988023952095808
10,50,1826.0,-1.0,1826.0,1826.0,1.0,1.0,-0.000547645125958379
10,50,1616.0,-1.0,1616.0,1616.0,1.0,1.0,-0.0006188118811881188
10,50,1475.0,-1.0,1475.0,1478.0,1.0,1.0020338983050847,-0.0006779661016949153
10,50,1653.0,-1.0,1653.0,1703.0,1.0,1.030248033877798,-0.0006049606775559589
10,50,1647.6,-1.0,1650.0,1650.0,0.9985454545454545,1.0,-0.0006060606060606061
10,50,1460.7916666666663,-1.0,1464.0,1464.0,0.9978085154826956,1.0,-0.0006830601092896175
10,50,2043.4444444444443,-1.0,2047.0,2097.0,0.998263040764262,1.0244259892525647,-0.0004885197850512946
10,50,1757.0,-1.0,1757.0,1757.0,1.0,1.0,-0.0005691519635742744
10,50,1609.0,-1.0,1609.0,1609.0,1.0,1.0,-0.0006215040397762585
10,50,1727.0,-1.0,1727.0,1735.0,1.0,1.0046323103647945,-0.0005790387955993051
10,50,1680.0,-1.0,1680.0,1701.0,1.0,1.0125,-0.0005952380952380953
10,50,1671.3636363636365,-1.0,1672.0,1672.0,0.999619399739017,1.0,-0.0005980861244019139
10,50,1871.0,-1.0,1871.0,1893.0,1.0,1.011758417958311,-0.0005344735435595938
10,50,1804.0,-1.0,1804.0,1861.0,1.0,1.0315964523281596,-0.0005543237250554324
10,50,1619.6,-1.0,1622.0,1622.0,0.9985203452527743,1.0,-0.0006165228113440197
10,50,1749.0,-1.0,1749.0,1749.0,1.0,1.0,-0.0005717552887364208
10,50,1934.0,-1.0,1934.0,1998.0,1.0,1.033092037228542,-0.000517063081695967
10,50,1509.0,-1.0,1510.0,1538.0,0.9993377483443708,1.018543046357616,-0.0006622516556291391
10,50,1650.909090909091,-1.0,1665.0,1703.0,0.9915369915369916,1.0228228228228229,-0.0006006006006006006
10,50,1633.0,-1.0,1633.0,1726.0,1.0,1.0569503980404165,-0.000612369871402327
10,50,1540.0,-1.0,1540.0,1540.0,1.0,1.0,-0.0006493506493506494
10,50,1730.25,-1.0,1731.0,1778.0,0.9995667244367418,1.0271519352975158,-0.0005777007510109763
10,50,1815.0,-1.0,1815.0,1822.0,1.0,1.0038567493112949,-0.0005509641873278236
10,50,1981.0,-1.0,1981.0,1981.0,1.0,1.0,-0.0005047955577990914
10,50,1667.0,-1.0,1667.0,1736.0,1.0,1.041391721655669,-0.0005998800239952009
10,50,1535.9999999999998,-1.0,1536.0,1536.0,0.9999999999999999,1.0,-0.0006510416666666666
10,50,1600.7142857142856,-1.0,1611.0,1614.0,0.9936153232242617,1.0018621973929236,-0.0006207324643078833
10,50,1594.0,-1.0,1594.0,1666.0,1.0,1.0451693851944792,-0.0006273525721455458
10,50,1802.0,-1.0,1802.0,1802.0,1.0,1.0,-0.0005549389567147614
10,50,1710.0,-1.0,1710.0,1712.0,1.0,1.001169590643275,-0.0005847953216374269
10,50,1738.0,-1.0,1738.0,1738.0,1.0,1.0,-0.0005753739930955121
10,50,1544.0,-1.0,1544.0,1790.0,1.0,1.1593264248704662,-0.0006476683937823834
10,50,1846.0512820512815,-1.0,1858.0,1880.0,0.993569043084651,1.0118406889128095,-0.0005382131324004305
10,50,1860.0,-1.0,1860.0,1920.0,1.0,1.032258064516129,-0.0005376344086021505
10,50,1943.4285714285716,-1.0,1946.0,1946.0,0.9986786081339011,1.0,-0.0005138746145940391
10,50,1676.0,-1.0,1676.0,1681.0,1.0,1.0029832935560858,-0.0005966587112171838
10,50,1851.3666666666663,-1.0,1855.0,1855.0,0.9980413297394428,1.0,-0.0005390835579514825
10,50,1728.0,-1.0,1728.0,1756.0,1.0,1.0162037037037037,-0.0005787037037037037
10,50,1611.0,-1.0,1611.0,1647.0,1.0,1.0223463687150838,-0.0006207324643078833
10,50,1604.0,-1.0,1604.0,1604.0,1.0,1.0,-0.0006234413965087282
10,50,1751.0714285714284,-1.0,1754.0,1754.0,0.9983303469620458,1.0,-0.0005701254275940707
10,50,1523.0,-1.0,1523.0,1550.0,1.0,1.0177281680892973,-0.0006565988181221273
10,50,1678.5,-1.0,1692.0,1703.0,0.9920212765957447,1.006501182033097,-0.000591016548463357
10,50,1558.5,-1.0,1559.0,1559.0,0.9996792815907634,1.0,-0.0006414368184733803
10,50,1708.0,-1.0,1708.0,1728.0,1.0,1.0117096018735363,-0.000585480093676815
10,50,1673.0,-1.0,1673.0,1673.0,1.0,1.0,-0.0005977286312014345
10,50,1709.0,-1.0,1709.0,1709.0,1.0,1.0,-0.0005851375073142189
10,50,1703.7142857142858,-1.0,1715.0,1749.0,0.9934194085797585,1.0198250728862974,-0.0005830903790087463
10,50,1578.0,-1.0,1578.0,1629.0,1.0,1.032319391634981,-0.0006337135614702154
10,50,1576.0,-1.0,1576.0,1687.0,1.0,1.0704314720812182,-0.0006345177664974619
10,50,1720.0,-1.0,1720.0,1743.0,1.0,1.0133720930232557,-0.0005813953488372093
10,50,1654.0,-1.0,1654.0,1671.0,1.0,1.0102781136638452,-0.0006045949214026602
10,50,1626.9090909090908,-1.0,1630.0,1639.0,0.9981037367540434,1.005521472392638,-0.0006134969325153375
25,50,1479.0,-1.0,1479.0,1538.0,1.0,1.039891818796484,-0.000676132521974307
25,50,1625.0,-1.0,1625.0,1629.0,1.0,1.0024615384615385,-0.0006153846153846154
25,50,1572.0,-1.0,1572.0,1609.0,1.0,1.0235368956743003,-0.0006361323155216285
25,50,1508.0,-1.0,1508.0,1533.0,1.0,1.01657824933687,-0.000663129973474801
25,50,1441.25,-1.0,1446.0,1476.0,0.9967150760719226,1.020746887966805,-0.0006915629322268327
25,50,1411.0,-1.0,1411.0,1419.0,1.0,1.005669737774628,-0.0007087172218284905
25,50,1650.0,-1.0,1650.0,1650.0,1.0,1.0,-0.0006060606060606061
25,50,1532.0,-1.0,1532.0,1695.0,1.0,1.1063968668407311,-0.0006527415143603133
25,50,1398.0,-1.0,1398.0,1416.0,1.0,1.0128755364806867,-0.000715307582260372
25,50,1499.0,-1.0,1499.0,1504.0,1.0,1.0033355570380253,-0.00066711140760507
25,50,1592.0,-1.0,1592.0,1592.0,1.0,1.0,-0.000628140703517588
25,50,1467.0,-1.0,1467.0,1475.0,1.0,1.005453306066803,-0.0006816632583503749
25,50,1389.0,-1.0,1389.0,1425.0,1.0,1.0259179265658747,-0.0007199424046076314
25,50,1571.0,-1.0,1571.0,1583.0,1.0,1.0076384468491406,-0.0006365372374283895
25,50,1528.0,-1.0,1528.0,1586.0,1.0,1.037958115183246,-0.0006544502617801048
25,50,1392.0,-1.0,1392.0,1475.0,1.0,1.0596264367816093,-0.0007183908045977011
25,50,1527.4,-1.0,1531.0,1575.0,0.9976485956890921,1.0287393860222076,-0.0006531678641410843
25,50,1374.0,-1.0,1374.0,1503.0,1.0,1.0938864628820961,-0.000727802037845706
25,50,1495.0,-1.0,1495.0,1558.0,1.0,1.0421404682274247,-0.0006688963210702341
25,50,1520.0,-1.0,1520.0,1588.0,1.0,1.0447368421052632,-0.0006578947368421052
25,50,1435.0,-1.0,1435.0,1435.0,1.0,1.0,-0.0006968641114982578
25,50,1452.0,-1.0,1452.0,1452.0,1.0,1.0,-0.0006887052341597796
25,50,1608.0,-1.0,1608.0,1639.0,1.0,1.019278606965174,-0.0006218905472636816
25,50,1585.0,-1.0,1585.0,1585.0,1.0,1.0,-0.0006309148264984228
25,50,1451.0,-1.0,1451.0,1507.0,1.0,1.038594073053067,-0.0006891798759476223
25,50,1533.0,-1.0,1533.0,1578.0,1.0,1.0293542074363993,-0.0006523157208088715
25,50,1544.0,-1.0,1544.0,1667.0,1.0,1.0796632124352332,-0.0006476683937823834
25,50,1491.0,-1.0,1491.0,1520.0,1.0,1.0194500335345407,-0.0006706908115358819
25,50,1440.75,-1.0,1444.0,1492.0,0.9977493074792244,1.0332409972299168,-0.0006925207756232687
25,50,1801.0,-1.0,1801.0,2007.0,1.0,1.1143808995002775,-0.000555247084952804
25,50,1481.0,-1.0,1481.0,1526.0,1.0,1.0303848750844025,-0.0006752194463200541
25,50,1438.0,-1.0,1438.0,1457.0,1.0,1.0132127955493742,-0.0006954102920723226
25,50,1410.0,-1.0,1410.0,1510.0,1.0,1.070921985815603,-0.0007092198581560284
25,50,1554.0,-1.0,1555.0,1713.0,0.9993569131832798,1.1016077170418006,-0.0006430868167202572
25,50,1332.5,-1.0,1333.0,1333.0,0.9996249062265566,1.0,-0.0007501875468867217
25,50,1473.875,-1.0,1480.0,1516.0,0.9958614864864865,1.0243243243243243,-0.0006756756756756757
25,50,1539.0,-1.0,1539.0,1588.0,1.0,1.0318388564002599,-0.000649772579597141
25,50,1497.0,-1.0,1504.0,1505.0,0.995345744680851,1.0006648936170213,-0.0006648936170212766
25,50,1790.5,-1.0,1791.0,1799.0,0.9997208263539922,1.004466778336125,-0.0005583472920156337
25,50,1459.0,-1.0,1459.0,1459.0,1.0,1.0,-0.0006854009595613434
25,50,1581.0,-1.0,1581.0,1632.0,1.0,1.032258064516129,-0.0006325110689437065
25,50,1621.0999999999997,-1.0,1624.0,1654.0,0.9982142857142855,1.0184729064039408,-0.0006157635467980296
25,50,1515.0,-1.0,1516.0,1533.0,0.9993403693931399,1.0112137203166227,-0.0006596306068601583
25,50,1434.818181818182,-1.0,1450.0,1473.0,0.9895297805642634,1.0158620689655173,-0.000689655172413793
25,50,1525.75,-1.0,1527.0,1728.0,0.9991814014407334,1.1316306483300589,-0.0006548788474132286
25,50,1575.5,-1.0,1577.0,1577.0,0.9990488268864933,1.0,-0.0006341154090044388
25,50,1453.5000000000002,-1.0,1454.0,1460.0,0.9996561210453921,1.0041265474552958,-0.000687757909215956
25,50,1587.0,-1.0,1587.0,1646.0,1.0,1.037177063642092,-0.000630119722747322
25,50,1552.0,-1.0,1552.0,1629.0,1.0,1.0496134020618557,-0.0006443298969072165
25,50,1535.666666666667,-1.0,1537.0,1587.0,0.9991325092170897,1.032530904359141,-0.0006506180871828237
25,50,1602.0,-1.0,1602.0,1660.0,1.0,1.0362047440699127,-0.0006242197253433209
25,50,1501.0,-1.0,1501.0,1519.0,1.0,1.0119920053297802,-0.0006662225183211193
25,50,1510.0,-1.0,1513.0,1553.0,0.9980171844018506,1.0264375413086584,-0.0006609385327164573
25,50,1499.0,-1.0,1499.0,1524.0,1.0,1.0166777851901267,-0.00066711140760507
25,50,1369.0,-1.0,1369.0,1557.0,1.0,1.1373265157048942,-0.0007304601899196494
25,50,1521.0,-1.0,1521.0,1569.0,1.0,1.0315581854043392,-0.0006574621959237344
25,50,1452.0,-1.0,1452.0,1478.0,1.0,1.0179063360881542,-0.0006887052341597796
25,50,1370.0,-1.0,1370.0,1370.0,1.0,1.0,-0.00072992700729927
25,50,1577.0,-1.0,1577.0,1631.0,1.0,1.0342422320862397,-0.0006341154090044388
25,50,1507.0,-1.0,1507.0,1551.0,1.0,1.0291970802919708,-0.0006635700066357001
25,50,1684.0,-1.0,1684.0,1704.0,1.0,1.01187648456057,-0.0005938242280285036
25,50,1475.0,-1.0,1475.0,1475.0,1.0,1.0,-0.0006779661016949153
25,50,1399.0,-1.0,1399.0,1399.0,1.0,1.0,-0.0007147962830593281
25,50,1571.0,-1.0,1571.0,1713.0,1.0,1.0903882877148314,-0.0006365372374283895
25,50,1521.0,-1.0,1521.0,1556.0,1.0,1.0230111768573307,-0.0006574621959237344
25,50,1509.0,-1.0,1509.0,1526.0,1.0,1.0112657388999338,-0.0006626905235255136
25,50,1319.0,-1.0,1319.0,1382.0,1.0,1.0477634571645187,-0.000758150113722517
25,50,1461.0,-1.0,1461.0,1482.0,1.0,1.0143737166324436,-0.0006844626967830253
25,50,1563.0,-1.0,1563.0,1594.0,1.0,1.0198336532309662,-0.0006397952655150352
25,50,1462.0,-1.0,1462.0,1480.0,1.0,1.012311901504788,-0.0006839945280437756
25,50,1410.0,-1.0,1410.0,1439.0,1.0,1.0205673758865248,-0.0007092198581560284
25,50,1420.0,-1.0,1420.0,1458.0,1.0,1.0267605633802817,-0.0007042253521126761
25,50,1509.0,-1.0,1509.0,1794.0,1.0,1.1888667992047715,-0.0006626905235255136
25,50,1528.0,-1.0,1528.0,1535.0,1.0,1.0045811518324608,-0.0006544502617801048
25,50,1432.0,-1.0,1432.0,1450.0,1.0,1.0125698324022345,-0.0006983240223463687
25,50,1495.0,-1.0,1495.0,1495.0,1.0,1.0,-0.0006688963210702341
25,50,1468.0,-1.0,1468.0,1472.0,1.0,1.002724795640327,-0.0006811989100817438
25,50,1456.0,-1.0,1456.0,1456.0,1.0,1.0,-0.0006868131868131869
25,50,1468.0,-1.0,1468.0,1468.0,1.0,1.0,-0.0006811989100817438
25,50,1564.0,-1.0,1564.0,1585.0,1.0,1.0134271099744245,-0.0006393861892583121
25,50,1481.7142857142858,-1.0,1486.0,1502.0,0.9971159392424535,1.0107671601615074,-0.0006729475100942127
25,50,1502.571428571429,-1.0,1504.0,1574.0,0.9990501519756841,1.0465425531914894,-0.0006648936170212766
25,50,1530.0,-1.0,1530.0,1594.0,1.0,1.0418300653594772,-0.00065359477124183
25,50,1452.857142857143,-1.0,1457.0,1457.0,0.9971565839788215,1.0,-0.0006863417982155113
25,50,1443.0,-1.0,1443.0,1459.0,1.0,1.0110880110880112,-0.000693000693000693
25,50,1475.0,-1.0,1475.0,1673.0,1.0,1.1342372881355933,-0.0006779661016949153
25,50,1611.0,-1.0,1611.0,1621.0,1.0,1.006207324643079,-0.0006207324643078833
25,50,1419.0,-1.0,1419.0,1427.0,1.0,1.0056377730796335,-0.0007047216349541931
25,50,1401.0,-1.0,1401.0,1416.0,1.0,1.0107066381156318,-0.0007137758743754461
25,50,1416.6666666666667,-1.0,1426.0,1506.0,0.9934548854604957,1.056100981767181,-0.0007012622720897616
25,50,1449.0,-1.0,1449.0,1519.0,1.0,1.0483091787439613,-0.0006901311249137336
25,50,1475.0,-1.0,1475.0,1522.0,1.0,1.031864406779661,-0.0006779661016949153
25,50,1509.0,-1.0,1509.0,1536.0,1.0,1.0178926441351888,-0.0006626905235255136
25,50,1550.0,-1.0,1550.0,1642.0,1.0,1.0593548387096774,-0.0006451612903225806
25,50,1392.5,-1.0,1395.0,1395.0,0.9982078853046595,1.0,-0.0007168458781362007
25,50,1498.0,-1.0,1498.0,1522.0,1.0,1.0160213618157543,-0.0006675567423230974
25,50,1460.0,-1.0,1460.0,1485.0,1.0,1.0171232876712328,-0.0006849315068493151
25,50,1520.0,-1.0,1520.0,1722.0,1.0,1.1328947368421052,-0.0006578947368421052
25,50,1408.0,-1.0,1408.0,1530.0,1.0,1.0866477272727273,-0.0007102272727272727
25,50,1563.0,-1.0,1563.0,1587.0,1.0,1.0153550863723608,-0.0006397952655150352
10,100,3358.134615384616,-1.0,3388.0,3470.0,0.9911849514122244,1.0242030696576152,-0.00029515938606847696
10,100,3240.375,-1.0,3241.0,3313.0,0.9998071582844801,1.0222153656278927,-0.000308546744831842
10,100,3031.333333333333,-1.0,3032.0,3073.0,0.9997801231310465,1.0135224274406331,-0.00032981530343007914
10,100,3498.0,-1.0,3498.0,3704.0,1.0,1.0588907947398514,-0.0002858776443682104
10,100,3449.4,-1.0,3469.0,3572.0,0.9943499567598731,1.0296915537618911,-0.0002882675122513693
10,100,3345.571428571429,-1.0,3375.999981080472,3433.0,0.9909868031162415,1.0168838919546692,-0.000296208532465677
10,100,3360.090909090909,-1.0,3363.0,3372.0,0.999134971481091,1.0026761819803747,-0.0002973535533749628
10,100,3174.279720279721,-1.0,3214.0,3214.0,0.9876414811075672,1.0,-0.00031113876789047915
10,100,3307.0,-1.0,3307.0,3480.0,1.0,1.0523132748714847,-0.0003023888720895071
10,100,3019.733333333333,-1.0,3020.0,3095.0,0.9999116997792494,1.0248344370860927,-0.00033112582781456954
10,100,3256.666666666667,-1.0,3259.0,3302.0,0.9992840339572467,1.0131942313593127,-0.0003068425897514575
10,100,3375.0,-1.0,3375.0,3375.0,1.0,1.0,-0.0002962962962962963
10,100,3084.0,-1.0,3084.0,3177.0,1.0,1.0301556420233462,-0.00032425421530479895
10,100,3119.0,-1.0,3119.0,3163.0,1.0,1.0141070856043604,-0.0003206155819172812
10,100,3013.0,-1.0,3013.0,3013.0,1.0,1.0,-0.00033189512114171923
10,100,3940.75,-1.0,3947.0,3950.0,0.998416518875095,1.0007600709399544,-0.0002533569799847986
10,100,3250.428571428572,-1.0,3266.0,3402.0,0.9952322631440821,1.0416411512553583,-0.0003061849357011635
10,100,3718.681818181818,-1.0,3739.0,3753.0,0.9945658780908847,1.003744316662209,-0.0002674511901577962
10,100,3640.571428571428,-1.0,3642.0,3692.0,0.9996077508433355,1.013728720483251,-0.0002745744096650192
10,100,3799.500000000001,-1.0,3804.0,3871.0,0.9988170347003157,1.0176130389064142,-0.0002628811777076761
10,100,3162.230769230769,-1.0,3171.0,3171.0,0.9972345535259441,1.0,-0.000315357931251971
10,100,3094.3333333333326,-1.0,3098.0,3098.0,0.9988164407144392,1.0,-0.00032278889606197545
10,100,3280.0,-1.0,3280.0,3307.0,1.0,1.0082317073170732,-0.0003048780487804878
10,100,3088.0000000000005,-1.0,3099.0,3246.0,0.9964504678928688,1.047434656340755,-0.00032268473701193933
10,100,3154.0,-1.0,3154.0,3154.0,1.0,1.0,-0.0003170577045022194
10,100,3321.0,-1.0,3321.0,3333.0,1.0,1.003613369467028,-0.00030111412225233364
10,100,3354.0,-1.0,3361.0,3361.0,0.9979172865218685,1.0,-0.0002975304968759298
10,100,3237.454545454545,-1.0,3247.0,3296.0,0.9970602234230197,1.0150908530951648,-0.0003079765937788728
10,100,3542.0,-1.0,3542.0,3542.0,1.0,1.0,-0.000282326369282891
10,100,3476.6883116883123,-1.0,3496.0,3534.0,0.9944760616957415,1.0108695652173914,-0.0002860411899313501
10,100,3119.0,-1.0,3119.0,3121.0,1.0,1.0006412311638346,-0.0003206155819172812
10,100,3372.230769230768,-1.0,3375.0,3387.0,0.9991794871794869,1.0035555555555555,-0.0002962962962962963
10,100,3679.868421052632,-1.0,3704.0,3893.0,0.9934849948846199,1.051025917926566,-0.0002699784017278618
10,100,2856.0,-1.0,2856.0,3003.0,1.0,1.0514705882352942,-0.00035014005602240897
10,100,3194.0,-1.0,3194.0,3424.0,1.0,1.0720100187852224,-0.00031308703819661864
10,100,3345.1578947368425,-1.0,3361.0,3361.0,0.995286490549492,1.0,-0.0002975304968759298
10,100,3895.0,-1.0,3895.0,3895.0,1.0,1.0,-0.00025673940949935817
10,100,3557.666666666666,-1.0,3560.0,3573.0,0.9993445692883893,1.0036516853932584,-0.0002808988764044944
10,100,3777.2,-1.0,3779.0,3779.0,0.9995236835141571,1.0,-0.0002646202699126753
10,100,3175.0,-1.0,3175.0,3274.0,1.0,1.0311811023622046,-0.00031496062992125983
10,100,3262.894736842106,-1.0,3271.0,3364.0,0.9975220840238783,1.0284316722714766,-0.0003057169061449098
10,100,3503.25,-1.0,3508.0,3514.0,0.998645952109464,1.0017103762827821,-0.00028506271379703536
10,100,3054.5000000000005,-1.0,3092.0,3092.0,0.9878719275549808,1.0,-0.0003234152652005175
10,100,3280.0,-1.0,3286.0,3286.0,0.9981740718198417,1.0,-0.00030432136335970786
10,100,3126.6153846153843,-1.0,3138.9999809668625,3264.0,0.9960546045152687,1.039821605540321,-0.0003185727958150493
10,100,3106.363636363637,-1.0,3108.0,3190.0,0.9994734994734996,1.0263835263835264,-0.00032175032175032174
10,100,3315.23157894737,-1.0,3373.0,3410.0,0.9828732816327809,1.01096946338571,-0.0002964719833975689
10,100,3236.0,-1.0,3236.0,3236.0,1.0,1.0,-0.00030902348578491963
10,100,3341.0,-1.0,3341.0,3461.0,1.0,1.0359173900029932,-0.000299311583358276
10,100,3275.25,-1.0,3282.0,3291.0,0.9979433272394881,1.0027422303473492,-0.0003046922608165753
10,100,3478.5714285714284,-1.0,3486.0,3497.0,0.9978690271289238,1.0031554790590935,-0.00028686173264486515
10,100,3440.0,-1.0,3440.0,3485.0,1.0,1.0130813953488371,-0.00029069767441860465
10,100,3293.0,-1.0,3293.0,3332.0,1.0,1.0118433039781354,-0.0003036744609778318
10,100,3189.0,-1.0,3189.0,3274.0,1.0,1.0266541235497022,-0.00031357792411414236
10,100,3481.0,-1.0,3481.0,3501.0,1.0,1.0057454754380926,-0.0002872737719046251
10,100,2978.8,-1.0,3027.0,3061.0,0.9840766435414603,1.011232243145028,-0.0003303600925008259
10,100,3167.0,-1.0,3167.0,3167.0,1.0,1.0,-0.00031575623618566466
10,100,3153.0,-1.0,3153.0,3153.0,1.0,1.0,-0.0003171582619727244
10,100,3439.0,-1.0,3439.0,3439.0,1.0,1.0,-0.0002907822041291073
10,100,3723.947368421052,-1.0,3732.999986910129,3733.0,0.9975749749475435,1.0000000035065286,-0.0002678810617483334
10,100,2932.857142857143,-1.0,2941.0,2941.0,0.9972312624471755,1.0,-0.00034002040122407346
10,100,3182.670588235294,-1.0,3193.0,3240.0,0.9967649822221403,1.0147196993423113,-0.00031318509238960227
10,100,3150.894736842105,-1.0,3164.0,3236.0,0.995858007851487,1.02275600505689,-0.0003160556257901391
10,100,3410.333333333334,-1.0,3422.0,3547.0,0.9965906877069941,1.0365283459964933,-0.0002922267679719462
10,100,3626.482142857145,-1.0,3641.0,3646.0,0.9960126731274773,1.0013732491073881,-0.00027464982147761604
10,100,3293.0,-1.0,3293.0,3293.0,1.0,1.0,-0.0003036744609778318
10,100,3704.0,-1.0,3704.0,3760.0,1.0,1.0151187904967602,-0.0002699784017278618
10,100,3155.0,-1.0,3155.0,3285.0,1.0,1.0412044374009508,-0.0003169572107765452
10,100,3385.4204545454554,-1.0,3417.0,3433.0,0.99075810785644,1.0046824700029267,-0.000292654375182909
10,100,4148.90909090909,-1.0,4159.0,4223.0,0.9975737174583049,1.0153883144986775,-0.00024044241404183698
10,100,3007.0,-1.0,3007.0,3197.0,1.0,1.0631858995676755,-0.0003325573661456601
10,100,3088.0000000000005,-1.0,3093.0,3098.0,0.998383446492079,1.0016165535079211,-0.00032331070158422246
10,100,3326.0,-1.0,3326.0,3354.0,1.0,1.0084185207456404,-0.0003006614552014432
10,100,3166.0,-1.0,3166.0,3283.0,1.0,1.0369551484523059,-0.0003158559696778269
10,100,3518.0,-1.0,3518.0,3544.0,1.0,1.007390562819784,-0.0002842524161455372
10,100,3285.5,-1.0,3290.0,3295.0,0.9986322188449848,1.0015197568389058,-0.00030395136778115504
10,100,3495.0,-1.0,3495.0,3592.0,1.0,1.0277539341917024,-0.0002861230329041488
10,100,3285.512820512822,-1.0,3309.0,3340.0,0.9929020309800006,1.0093683892414627,-0.0003022061045633122
10,100,3433.1,-1.0,3435.0,3525.0,0.9994468704512373,1.0262008733624455,-0.0002911208151382824
10,100,3313.0,-1.0,3313.0,3345.0,1.0,1.0096589194083911,-0.00030184123151222455
10,100,3436.0,-1.0,3436.0,3507.0,1.0,1.0206635622817228,-0.0002910360884749709
10,100,3496.0,-1.0,3496.0,3533.0,1.0,1.0105835240274599,-0.0002860411899313501
10,100,3433.25,-1.0,3435.0,3435.0,0.999490538573508,1.0,-0.0002911208151382824
10,100,3052.0,-1.0,3052.0,3065.0,1.0,1.004259501965924,-0.000327653997378768
10,100,3077.0,-1.0,3077.0,3163.0,1.0,1.0279493012674683,-0.00032499187520311994
10,100,3720.0,-1.0,3720.0,3720.0,1.0,1.0,-0.00026881720430107527
10,100,3485.8235294117644,-1.0,3530.0,3631.0,0.9874854190968171,1.0286118980169972,-0.00028328611898016995
10,100,3275.333333333333,-1.0,3284.0,3351.0,0.9973609419407226,1.0204019488428746,-0.0003045066991473812
10,100,3360.6666666666656,-1.0,3380.0,3409.0,0.9942800788954632,1.0085798816568048,-0.0002958579881656805
10,100,3103.636363636364,-1.0,3109.0,3210.0,0.9982748033568234,1.0324863300096494,-0.000321646831778707
10,100,3353.0,-1.0,3353.0,3411.0,1.0,1.017297942141366,-0.00029824038174768865
10,100,3211.0,-1.0,3211.0,3211.0,1.0,1.0,-0.0003114294612270321
10,100,3334.1428571428573,-1.0,3341.0,3479.0,0.9979475777141147,1.0413049985034422,-0.000299311583358276
10,100,3305.0,-1.0,3305.0,3344.0,1.0,1.0118003025718607,-0.000302571860816944
10,100,3318.0,-1.0,3341.0,3341.0,0.9931158335827597,1.0,-0.000299311583358276
10,100,3389.0,-1.0,3406.0,3570.0,0.9950088079859072,1.0481503229594833,-0.0002935995302407516
10,100,3021.388888888889,-1.0,3023.0,3023.0,0.9994670489212336,1.0,-0.0003307972213033411
10,100,3093.0,-1.0,3096.0,3159.0,0.999031007751938,1.0203488372093024,-0.00032299741602067185
10,100,3551.0,-1.0,3551.0,3551.0,1.0,1.0,-0.000281610813855252
10,100,3205.727272727273,-1.0,3209.0,3249.0,0.9989801410804839,1.0124649423496417,-0.0003116235587410408
25,100,2759.8571428571427,-1.0,2768.0,2780.0,0.9970582163501238,1.004335260115607,-0.000361271676300578
25,100,2599.0,-1.0,2599.0,2599.0,1.0,1.0,-0.00038476337052712584
25,100,2895.6000000000004,-1.0,2897.0,3164.0,0.9995167414566795,1.092164307904729,-0.00034518467380048324
25,100,2827.94,-1.0,2844.0,2987.0,0.9943530239099859,1.05028129395218,-0.00035161744022503517
25,100,2765.8823529411766,-1.0,2777.0,2787.0,0.9959965260861277,1.003601008282319,-0.00036010082823190496
25,100,2889.0,-1.0,2889.0,3011.0,1.0,1.0422291450328833,-0.00034614053305642093
25,100,3137.0,-1.0,3165.0,3165.0,0.9911532385466034,1.0,-0.000315955766192733
25,100,2690.4400000000005,-1.0,2696.0,2815.0,0.9979376854599409,1.0441394658753709,-0.000370919881305638
25,100,2680.3000000000006,-1.0,2682.0,2682.0,0.9993661446681583,1.0,-0.0003728560775540641
25,100,2392.0,-1.0,2392.0,2392.0,1.0,1.0,-0.0004180602006688963
25,100,2853.0,-1.0,2853.0,2853.0,1.0,1.0,-0.0003505082369435682
25,100,2926.0,-1.0,2926.0,3153.0,1.0,1.0775803144224196,-0.0003417634996582365
25,100,2921.5,-1.0,2930.0,3145.0,0.997098976109215,1.0733788395904438,-0.00034129692832764505
25,100,2762.0,-1.0,2762.0,2832.0,1.0,1.0253439536567706,-0.0003620564808110065
25,100,3133.0,-1.0,3133.0,3147.0,1.0,1.004468560485158,-0.0003191828917969997
25,100,2994.5,-1.0,2998.0,3106.0,0.9988325550366911,1.0360240160106737,-0.000333555703802535
25,100,2810.0,-1.0,2810.0,3139.0,1.0,1.1170818505338078,-0.00035587188612099647
25,100,2916.846153846154,-1.0,2923.99999604175,3022.0,0.9975534055385498,1.0335157332732263,-0.0003419972644848532
25,100,3026.5,-1.0,3027.0,3076.0,0.9998348199537496,1.0161876445325404,-0.0003303600925008259
25,100,2855.0,-1.0,2872.0,2878.0,0.9940807799442897,1.0020891364902507,-0.00034818941504178273
25,100,2736.5333333333333,-1.0,2740.0,2796.0,0.9987347931873479,1.0204379562043795,-0.000364963503649635
25,100,2764.0,-1.0,2768.0,2849.0,0.9985549132947977,1.029263005780347,-0.000361271676300578
25,100,2843.5,-1.0,2846.0,2849.0,0.9991215741391427,1.0010541110330289,-0.00035137034434293746
25,100,3037.0,-1.0,3037.0,3266.0,1.0,1.0754033585775435,-0.00032927230819888045
25,100,2524.0,-1.0,2524.0,2614.0,1.0,1.0356576862123614,-0.0003961965134706815
25,100,2849.0,-1.0,2849.0,2885.0,1.0,1.0126360126360126,-0.000351000351000351
25,100,2672.0,-1.0,2672.0,2724.0,1.0,1.0194610778443114,-0.00037425149700598805
25,100,2765.0,-1.0,2765.0,2772.0,1.0,1.0025316455696203,-0.0003616636528028933
25,100,2627.0,-1.0,2627.0,2857.0,1.0,1.0875523410734678,-0.00038066235249333843
25,100,3042.0,-1.0,3042.0,3079.0,1.0,1.0121630506245891,-0.0003287310979618672
25,100,2887.0,-1.0,2887.0,2940.0,1.0,1.0183581572566678,-0.00034638032559750607
25,100,3209.636363636364,-1.0,3215.0,3231.0,0.9983316838682315,1.0049766718506998,-0.00031104199066874026
25,100,2819.0,-1.0,2819.0,2948.0,1.0,1.045760908123448,-0.000354735721887194
25,100,2839.0,-1.0,2839.0,2886.0,1.0,1.0165551250440297,-0.0003522367030644593
25,100,2645.25,-1.0,2647.0,2853.0,0.9993388741972044,1.0778239516433699,-0.00037778617302606723
25,100,3084.0,-1.0,3084.0,3108.0,1.0,1.0077821011673151,-0.00032425421530479895
25,100,2869.0,-1.0,2869.0,2869.0,1.0,1.0,-0.0003485535029627048
25,100,2660.0,-1.0,2660.0,2684.0,1.0,1.0090225563909774,-0.00037593984962406017
25,100,2718.9999999999995,-1.0,2727.999988245101,2766.0,0.9967008840601604,1.0139296231373314,-0.00036656891653555004
25,100,3096.4999999999995,-1.0,3098.0,3106.0,0.9995158166559069,1.0025823111684957,-0.00032278889606197545
25,100,2764.5,-1.0,2769.0,2839.0,0.9983748645720477,1.025279884434814,-0.00036114120621162876
25,100,3031.0,-1.0,3046.0,3100.0,0.995075508864084,1.0177281680892973,-0.00032829940906106366
25,100,2797.0,-1.0,2797.0,2815.0,1.0,1.0064354665713264,-0.0003575259206292456
25,100,2793.5000000000005,-1.0,2816.0,2880.0,0.9920099431818183,1.0227272727272727,-0.0003551136363636364
25,100,2977.0,-1.0,2977.0,2977.0,1.0,1.0,-0.0003359086328518643
25,100,2744.333333333333,-1.0,2749.0,2798.0,0.9983024129986661,1.0178246635140051,-0.0003637686431429611
25,100,2758.857142857143,-1.0,2763.0,2811.0,0.9985005945917999,1.017372421281216,-0.0003619254433586681
25,100,2842.0,-1.0,2842.0,2921.0,1.0,1.0277973258268824,-0.0003518648838845883
25,100,2875.0,-1.0,2875.0,2917.0,1.0,1.0146086956521738,-0.00034782608695652176
25,100,2456.0,-1.0,2456.0,2456.0,1.0,1.0,-0.00040716612377850165
25,100,2953.0,-1.0,2953.0,3028.0,1.0,1.0253979004402303,-0.0003386386725364037
25,100,2763.111111111111,-1.0,2764.0,2909.0,0.9996784048882456,1.0524602026049203,-0.000361794500723589
25,100,2820.0,-1.0,2820.0,2974.0,1.0,1.0546099290780142,-0.0003546099290780142
25,100,2825.0,-1.0,2825.0,2825.0,1.0,1.0,-0.00035398230088495576
25,100,3045.0,-1.0,3045.0,3045.0,1.0,1.0,-0.0003284072249589491
25,100,3057.666666666666,-1.0,3059.0,3059.0,0.9995641277105806,1.0,-0.00032690421706440013
25,100,2851.9999999999995,-1.0,2854.0,2907.0,0.9992992291520671,1.0185704274702172,-0.000350385423966363
25,100,2846.2857142857147,-1.0,2854.0,2917.0,0.9972970267294025,1.022074281709881,-0.000350385423966363
25,100,2839.25,-1.0,2840.0,2840.0,0.9997359154929577,1.0,-0.00035211267605633805
25,100,2894.0,-1.0,2894.0,3077.0,1.0,1.0632342778161714,-0.0003455425017277125
25,100,2901.0,-1.0,2916.0,2935.0,0.9948559670781894,1.0065157750342935,-0.0003429355281207133
25,100,2459.0000000000005,-1.0,2459.0,2460.0,1.0000000000000002,1.0004066693777958,-0.00040666937779585197
25,100,2797.2000000000003,-1.0,2807.0,2813.0,0.9965087281795513,1.0021375133594586,-0.0003562522265764161
25,100,2992.0,-1.0,2992.0,3064.0,1.0,1.0240641711229947,-0.00033422459893048126
25,100,2621.6000000000004,-1.0,2622.0,2650.0,0.9998474446987035,1.0106788710907704,-0.00038138825324180017
25,100,2569.6,-1.0,2576.0,2690.0,0.9975155279503105,1.0442546583850931,-0.00038819875776397513
25,100,2978.259259259259,-1.0,2986.0,2986.0,0.9974076554786534,1.0,-0.0003348961821835231
25,100,2913.0,-1.0,2913.0,2999.0,1.0,1.0295228286989357,-0.00034328870580157915
25,100,2981.0,-1.0,2981.0,3087.0,1.0,1.0355585374035559,-0.0003354579000335458
25,100,2563.3636363636365,-1.0,2569.0,2676.0,0.9978060087051913,1.0416504476449981,-0.00038925652004671076
25,100,2771.0000000000005,-1.0,2773.0,3003.0,0.9992787594662822,1.0829426613775694,-0.0003606202668589975
25,100,2757.9,-1.0,2772.999992088405,2862.0,0.9945546368079745,1.0320952066951024,-0.00036062026788787646
25,100,2767.7000000000003,-1.0,2774.0,2867.0,0.9977289113193945,1.0335255948089401,-0.0003604902667627974
25,100,2829.0,-1.0,2829.0,2900.0,1.0,1.025097207493814,-0.0003534817956875221
25,100,2656.0,-1.0,2656.0,2698.0,1.0,1.0158132530120483,-0.00037650602409638556
25,100,3094.0,-1.0,3094.0,3203.0,1.0,1.035229476405947,-0.0003232062055591467
25,100,2759.875,-1.0,2766.0,2809.0,0.9977856109906001,1.0155459146782357,-0.00036153289949385393
25,100,2775.0,-1.0,2775.0,2775.0,1.0,1.0,-0.00036036036036036037
25,100,2794.133333333333,-1.0,2800.0,2836.0,0.9979047619047619,1.012857142857143,-0.00035714285714285714
25,100,2852.0,-1.0,2852.0,2882.0,1.0,1.0105189340813465,-0.0003506311360448808
25,100,2805.9090909090905,-1.0,2831.0,2969.0,0.9911370861565137,1.0487460261391734,-0.00035323207347227127
25,100,2762.0,-1.0,2762.0,2793.0,1.0,1.0112237509051412,-0.0003620564808110065
25,100,2775.0,-1.0,2775.0,2858.0,1.0,1.0299099099099098,-0.00036036036036036037
25,100,2683.0,-1.0,2683.0,2683.0,1.0,1.0,-0.0003727171077152441
25,100,2653.0,-1.0,2653.0,2653.0,1.0,1.0,-0.0003769317753486619
25,100,2625.6666666666665,-1.0,2628.0,2638.0,0.9991121258244545,1.0038051750380517,-0.000380517503805175
25,100,3129.0,-1.0,3141.0,3359.0,0.9961795606494747,1.0694046482012098,-0.0003183699458771092
25,100,2612.454545454545,-1.0,2613.0,2731.0,0.9997912535225967,1.0451588212782243,-0.0003827018752391887
25,100,2597.7,-1.0,2601.0,2716.0,0.9987312572087658,1.0442137639369473,-0.00038446751249519417
25,100,2673.0,-1.0,2673.0,2673.0,1.0,1.0,-0.0003741114852225963
25,100,2628.0,-1.0,2629.0,2671.0,0.99961962723469,1.0159756561430202,-0.0003803727653100038
25,100,2912.0,-1.0,2912.0,3074.0,1.0,1.0556318681318682,-0.00034340659340659343
25,100,3044.1071428571427,-1.0,3055.0,3126.0,0.9964344166471826,1.023240589198036,-0.0003273322422258593
25,100,2910.933333333333,-1.0,2921.999987005583,3118.0,0.9962126441747212,1.0670773490301328,-0.0003422313499134486
25,100,2585.9999999999995,-1.0,2595.0,2595.0,0.9965317919075143,1.0,-0.0003853564547206166
25,100,2731.0,-1.0,2731.0,2731.0,1.0,1.0,-0.0003661662394727206
25,100,2815.0,-1.0,2815.0,2815.0,1.0,1.0,-0.00035523978685612787
25,100,2773.0,-1.0,2773.0,2774.0,1.0,1.000360620266859,-0.0003606202668589975
25,100,2899.384126984127,-1.0,2905.0,2930.0,0.9980668251236237,1.008605851979346,-0.00034423407917383823
25,100,2704.0,-1.0,2704.0,2719.0,1.0,1.0055473372781065,-0.0003698224852071006
50,100,2656.0,-1.0,2656.0,2815.0,1.0,1.0598644578313252,-0.00037650602409638556
50,100,2747.6666666666665,-1.0,2754.0,2894.0,0.9977003146937787,1.0508351488743646,-0.00036310820624546115
50,100,2458.0,-1.0,2458.0,2494.0,1.0,1.0146460537021968,-0.0004068348250610252
50,100,2697.075,-1.0,2700.0,2738.0,0.9989166666666666,1.0140740740740741,-0.00037037037037037035
50,100,2363.72972972973,-1.0,2367.0,2565.0,0.9986183902533714,1.0836501901140685,-0.0004224757076468103
50,100,2722.333333333333,-1.0,2724.0,2774.0,0.9993881546744982,1.0183553597650514,-0.0003671071953010279
50,100,2508.866666666667,-1.0,2516.0,2577.0,0.9971648118706943,1.0242448330683624,-0.000397456279809221
50,100,2666.0,-1.0,2666.0,2701.0,1.0,1.0131282820705176,-0.00037509377344336085
50,100,2465.329545454545,-1.0,2478.0,2565.0,0.9948868222173305,1.0351089588377724,-0.0004035512510088781
50,100,2476.444444444445,-1.0,2477.0,2558.0,0.9997757143497961,1.0327008477997577,-0.0004037141703673799
50,100,2540.0,-1.0,2540.0,2590.0,1.0,1.0196850393700787,-0.0003937007874015748
50,100,2440.666666666667,-1.0,2443.0,2566.0,0.9990448901623687,1.0503479328694227,-0.00040933278755628325
50,100,2438.5,-1.0,2451.0,2452.0,0.9949000407996736,1.0004079967360262,-0.0004079967360261118
50,100,2523.8,-1.0,2528.0,2600.0,0.9983386075949368,1.0284810126582278,-0.00039556962025316455
50,100,2615.714285714285,-1.0,2618.0,2623.0,0.9991269234966711,1.0019098548510312,-0.0003819709702062643
50,100,2516.142857142858,-1.0,2523.0,2710.0,0.9972821471037883,1.0741181133571145,-0.00039635354736424893
50,100,2499.0,-1.0,2499.0,2562.0,1.0,1.0252100840336134,-0.00040016006402561027
50,100,2779.0,-1.0,2779.0,2821.0,1.0,1.0151133501259446,-0.0003598416696653472
50,100,2876.0,-1.0,2885.0,3011.0,0.9968804159445407,1.0436741767764297,-0.0003466204506065858
50,100,2494.92857142857,-1.0,2504.0,2741.0,0.9963772250114098,1.0946485623003195,-0.00039936102236421724
50,100,2489.0,-1.0,2489.0,2489.0,1.0,1.0,-0.0004017677782241864
50,100,2416.4761904761904,-1.0,2424.0,2434.0,0.9968961181832469,1.0041254125412542,-0.00041254125412541255
50,100,2783.0238095238105,-1.0,2792.0,2804.0,0.996785032064402,1.004297994269341,-0.00035816618911174784
50,100,2459.0340909090905,-1.0,2466.0,2630.0,0.997175219346752,1.0665044606650447,-0.00040551500405515005
50,100,2367.222222222222,-1.0,2391.0,2648.0,0.9900552999674705,1.107486407360937,-0.0004182350480970305
50,100,2579.0,-1.0,2579.0,2588.0,1.0,1.0034897246994958,-0.00038774718883288094
50,100,2691.0,-1.0,2691.0,2774.0,1.0,1.0308435525826831,-0.0003716090672612412
50,100,2625.0,-1.0,2625.0,2658.0,1.0,1.0125714285714287,-0.00038095238095238096
50,100,2477.5,-1.0,2481.0,2578.0,0.9985892785167271,1.0390971382507053,-0.00040306328093510683
50,100,2500.125,-1.0,2502.0,2567.0,0.9992505995203836,1.0259792166266986,-0.0003996802557953637
50,100,2717.1964285714294,-1.0,2722.0,2778.0,0.998235278681642,1.020573108008817,-0.0003673769287288758
50,100,2811.0,-1.0,2811.0,2856.0,1.0,1.016008537886873,-0.0003557452863749555
50,100,2379.0,-1.0,2379.0,2485.0,1.0,1.044556536359815,-0.0004203446826397646
50,100,2620.636363636364,-1.0,2627.0,2855.0,0.9975776032114062,1.086791016368481,-0.00038066235249333843
50,100,2455.4166666666665,-1.0,2458.0,2520.0,0.9989490100352589,1.0252237591537836,-0.0004068348250610252
50,100,2492.333333333333,-1.0,2511.0,2600.0,0.9925660427452541,1.0354440461967345,-0.00039824771007566706
50,100,2532.0,-1.0,2532.0,2605.0,1.0,1.028830963665087,-0.00039494470774091627
50,100,2558.0,-1.0,2560.0,2633.0,0.99921875,1.028515625,-0.000390625
50,100,2484.6000000000004,-1.0,2494.0,2494.0,0.9962309542902968,1.0,-0.00040096230954290296
50,100,2563.0,-1.0,2563.0,2612.0,1.0,1.019118220834959,-0.0003901677721420211
50,100,2459.0,-1.0,2459.0,2509.0,1.0,1.0203334688897927,-0.00040666937779585197
50,100,2372.0,-1.0,2372.0,2445.0,1.0,1.0307757166947724,-0.00042158516020236085
50,100,2653.0,-1.0,2653.0,2700.0,1.0,1.0177157934413872,-0.0003769317753486619
50,100,2443.5877551020403,-1.0,2466.9999923408413,2567.0,0.9905098348960325,1.0405350660598391,-0.0004053506295519436
50,100,2586.0,-1.0,2586.0,2681.0,1.0,1.036736272235112,-0.0003866976024748647
50,100,2452.0,-1.0,2458.0,2519.0,0.9975589910496339,1.0248169243287226,-0.0004068348250610252
50,100,2548.0,-1.0,2548.0,2617.0,1.0,1.0270800627943486,-0.0003924646781789639
50,100,2498.0,-1.0,2498.0,2502.0,1.0,1.0016012810248198,-0.00040032025620496394
50,100,2669.5,-1.0,2672.0,2778.0,0.999064371257485,1.0396706586826348,-0.00037425149700598805
50,100,2401.25,-1.0,2422.0,2422.0,0.9914327002477291,1.0,-0.00041288191577208916
50,100,2374.2727272727275,-1.0,2376.0,2496.0,0.9992730333639426,1.0505050505050506,-0.00042087542087542086
50,100,2558.0,-1.0,2558.0,2598.0,1.0,1.0156372165754495,-0.00039093041438623924
50,100,2691.333333333334,-1.0,2698.0,2738.0,0.9975290338522365,1.0148257968865826,-0.00037064492216456633
50,100,2452.8571428571427,-1.0,2456.0,2581.0,0.9987203350395532,1.0508957654723128,-0.00040716612377850165
50,100,2681.7777777777783,-1.0,2708.0,2748.0,0.990316756934187,1.0147710487444608,-0.00036927621861152144
50,100,2671.0,-1.0,2671.0,2725.0,1.0,1.020217147135904,-0.00037439161362785476
50,100,2592.9666666666667,-1.0,2611.0,2620.0,0.9930933231201328,1.0034469551895826,-0.00038299502106472615
50,100,2640.090909090909,-1.0,2644.0,2713.0,0.9985215238619172,1.0260968229954615,-0.00037821482602118004
50,100,2582.0,-1.0,2582.0,2743.0,1.0,1.0623547637490318,-0.0003872966692486445
50,100,2529.04761904762,-1.0,2548.0,2571.0,0.9925618599087991,1.0090266875981162,-0.0003924646781789639
50,100,2758.0,-1.0,2758.0,2881.0,1.0,1.0445975344452503,-0.00036258158085569254
50,100,2506.0,-1.0,2506.0,2597.0,1.0,1.0363128491620113,-0.0003990422984836393
50,100,2611.0,-1.0,2611.0,2722.0,1.0,1.0425124473381846,-0.00038299502106472615
50,100,2429.428571428572,-1.0,2435.0,2461.0,0.9977119389850398,1.0106776180698152,-0.0004106776180698152
50,100,2500.4,-1.0,2506.0,2547.0,0.9977653631284916,1.0163607342378291,-0.0003990422984836393
50,100,2793.0,-1.0,2793.0,2827.0,1.0,1.012173290368779,-0.00035803795202291446
50,100,2498.1333333333337,-1.0,2515.9999900034204,2589.0,0.9928987850790642,1.0290143125145563,-0.00039745628138839563
50,100,2603.0,-1.0,2603.0,2657.0,1.0,1.0207452938916635,-0.000384172109104879
50,100,2491.0,-1.0,2491.0,2510.0,1.0,1.0076274588518668,-0.0004014452027298274
50,100,2531.5,-1.0,2538.0,2538.0,0.9974389282899921,1.0,-0.0003940110323089047
50,100,2669.75,-1.0,2670.0,2671.0,0.9999063670411985,1.000374531835206,-0.0003745318352059925
50,100,2528.0,-1.0,2530.0,2543.0,0.9992094861660079,1.0051383399209486,-0.0003952569169960474
50,100,2313.0,-1.0,2313.0,2418.0,1.0,1.045395590142672,-0.00043233895373973193
50,100,2439.0,-1.0,2439.0,2463.0,1.0,1.009840098400984,-0.0004100041000410004
50,100,2422.1666666666665,-1.0,2426.0,2562.0,0.9984198955757075,1.0560593569661996,-0.00041220115416323167
50,100,2396.333333333333,-1.0,2401.0,2441.0,0.998056365403304,1.0166597251145355,-0.00041649312786339027
50,100,2605.0,-1.0,2613.0,2694.0,0.9969383849980865,1.0309988518943742,-0.0003827018752391887
50,100,2499.0,-1.0,2499.0,2500.0,1.0,1.0004001600640255,-0.00040016006402561027
50,100,2462.6666666666665,-1.0,2464.0,2519.0,0.9994588744588744,1.0223214285714286,-0.00040584415584415587
50,100,2554.5,-1.0,2556.0,2556.0,0.9994131455399061,1.0,-0.0003912363067292645
50,100,2509.333333333333,-1.0,2513.0,2526.0,0.9985409205464915,1.0051730998806208,-0.0003979307600477517
50,100,2484.0,-1.0,2484.0,2560.0,1.0,1.0305958132045088,-0.00040257648953301127
50,100,2560.0,-1.0,2560.0,2695.0,1.0,1.052734375,-0.000390625
50,100,2664.222222222222,-1.0,2669.9999935130995,2670.0,0.9978360407097697,1.0000000024295508,-0.00037453183611593663
50,100,2535.333333333334,-1.0,2537.0,2607.0,0.999343056103009,1.0275916436736303,-0.00039416633819471815
50,100,2399.5,-1.0,2403.0,2468.0,0.9985434873075323,1.0270495214315438,-0.0004161464835622139
50,100,2557.0,-1.0,2557.0,2621.0,1.0,1.0250293312475558,-0.00039108330074305825
50,100,2575.0,-1.0,2575.0,2733.0,1.0,1.0613592233009708,-0.0003883495145631068
50,100,2589.7,-1.0,2591.0,2622.0,0.9994982632188344,1.0119644924739484,-0.00038595137012736397
50,100,2462.0,-1.0,2462.0,2464.0,1.0,1.0008123476848092,-0.00040617384240454913
50,100,2500.5714285714284,-1.0,2507.0,2630.0,0.9974357513248617,1.0490626246509773,-0.00039888312724371757
50,100,2398.6000000000004,-1.0,2410.0,2413.0,0.9952697095435686,1.0012448132780083,-0.0004149377593360996
50,100,2618.0,-1.0,2622.0,2732.0,0.9984744469870328,1.041952707856598,-0.00038138825324180017
50,100,2470.9714285714285,-1.0,2481.0,2544.0,0.9959578510969079,1.0253929866989118,-0.00040306328093510683
50,100,2365.0,-1.0,2365.0,2498.0,1.0,1.0562367864693447,-0.00042283298097251583
50,100,2626.3076923076924,-1.0,2637.0,2646.0,0.995945275808757,1.0034129692832765,-0.0003792188092529389
50,100,2441.0,-1.0,2444.0,2446.0,0.9987725040916531,1.0008183306055647,-0.0004091653027823241
50,100,2554.0,-1.0,2554.0,2616.0,1.0,1.024275646045419,-0.00039154267815191856
50,100,2554.0,-1.0,2554.0,2755.0,1.0,1.0787000783085356,-0.00039154267815191856
50,100,2646.3103448275865,-1.0,2651.0,2955.0,0.9982309863551816,1.1146737080347038,-0.0003772161448509996
